{"v":"5.1.8","fr":25,"ip":0,"op":28,"w":305,"h":250,"nm":"Pre-comp 2","ddd":0,"assets":[],"layers":[{"ddd":0,"ind":1,"ty":4,"nm":"观察性注意力 3 Outlines","parent":7,"sr":1,"ks":{"o":{"a":1,"k":[{"i":{"x":[0.667],"y":[1]},"o":{"x":[0.333],"y":[0]},"n":["0p667_1_0p333_0"],"t":3.333,"s":[0],"e":[100]},{"t":7.0830078125}],"ix":11},"r":{"a":0,"k":0,"ix":10},"p":{"a":1,"k":[{"i":{"x":0.667,"y":1},"o":{"x":0.333,"y":0},"n":"0p667_1_0p333_0","t":3.333,"s":[-1408.01,1574.229,0],"e":[-1408.01,1442.979,0],"to":[0,-21.875,0],"ti":[0,21.875,0]},{"t":7.0830078125}],"ix":2},"a":{"a":0,"k":[36.037,-8.713,0],"ix":1},"s":{"a":0,"k":[937.5,937.5,100],"ix":6}},"ao":0,"shapes":[{"ty":"gr","it":[{"ind":0,"ty":"sh","ix":1,"ks":{"a":0,"k":{"i":[[2.562,0],[1.499,-1.74],[0,-2.61],[-1.426,-1.644],[-2.586,0],[-1.499,1.716],[0,2.61],[1.402,1.644]],"o":[[-2.61,0],[-1.426,1.644],[0,2.586],[1.499,1.716],[2.586,0],[1.402,-1.644],[0,-2.635],[-1.499,-1.74]],"v":[[9.281,-17.596],[3.142,-14.985],[1.015,-8.604],[3.142,-2.248],[9.257,0.338],[15.396,-2.248],[17.523,-8.604],[15.396,-15.01]],"c":true},"ix":2},"nm":"O","mn":"ADBE Vector Shape - Group","hd":false},{"ind":1,"ty":"sh","ix":2,"ks":{"a":0,"k":{"i":[[-1.982,0],[-1.112,-1.329],[0,-2.199],[1.063,-1.305],[1.982,0],[1.112,1.354],[0,2.127],[-1.063,1.305]],"o":[[1.982,0],[1.063,1.305],[0,2.175],[-1.112,1.305],[-1.982,0],[-1.063,-1.305],[0,-2.151],[1.136,-1.378]],"v":[[9.281,-15.831],[13.922,-13.849],[15.541,-8.604],[13.922,-3.408],[9.257,-1.426],[4.592,-3.456],[2.997,-8.604],[4.592,-13.777]],"c":true},"ix":2},"nm":"O","mn":"ADBE Vector Shape - Group","hd":false},{"ty":"mm","mm":1,"nm":"Merge Paths 1","mn":"ADBE Vector Filter - Merge","hd":false},{"ty":"fl","c":{"a":0,"k":[0.4,0.4,0.4,1],"ix":4},"o":{"a":0,"k":100,"ix":5},"r":1,"nm":"Fill 1","mn":"ADBE Vector Graphic - Fill","hd":false},{"ty":"tr","p":{"a":0,"k":[0,0],"ix":2},"a":{"a":0,"k":[0,0],"ix":1},"s":{"a":0,"k":[100,100],"ix":3},"r":{"a":0,"k":0,"ix":6},"o":{"a":0,"k":100,"ix":7},"sk":{"a":0,"k":0,"ix":4},"sa":{"a":0,"k":0,"ix":5},"nm":"Transform"}],"nm":"O","np":5,"cix":2,"ix":1,"mn":"ADBE Vector Group","hd":false},{"ty":"gr","it":[{"ind":0,"ty":"sh","ix":1,"ks":{"a":0,"k":{"i":[[0,0],[0,0],[0,0],[0,0],[-1.934,0],[-1.039,1.305],[0,1.885],[0.918,1.208],[1.764,0],[0.967,-1.764],[0,0]],"o":[[0,0],[0,0],[0,0],[0.846,1.595],[1.813,0],[0.918,-1.208],[0,-1.837],[-1.015,-1.354],[-1.789,0],[0,0],[0,0]],"v":[[19.906,-17.596],[19.906,0],[21.719,0],[21.719,-2.054],[25.876,0.338],[30.155,-1.644],[31.556,-6.284],[30.155,-10.828],[25.973,-12.834],[21.84,-10.2],[21.84,-17.596]],"c":true},"ix":2},"nm":"b","mn":"ADBE Vector Shape - Group","hd":false},{"ind":1,"ty":"sh","ix":2,"ks":{"a":0,"k":{"i":[[-1.136,0],[-0.701,-0.967],[0,-1.499],[0.58,-0.87],[1.354,0],[0.677,0.967],[0,1.402],[0,0],[-0.725,0.894]],"o":[[1.354,0],[0.628,0.846],[0,1.499],[-0.677,0.967],[-1.257,0],[-0.628,-0.87],[0,0],[0,-1.45],[0.677,-0.918]],"v":[[25.562,-11.239],[28.632,-9.789],[29.574,-6.284],[28.68,-2.731],[25.635,-1.257],[22.71,-2.707],[21.768,-6.115],[21.768,-6.357],[22.831,-9.885]],"c":true},"ix":2},"nm":"b","mn":"ADBE Vector Shape - Group","hd":false},{"ty":"mm","mm":1,"nm":"Merge Paths 1","mn":"ADBE Vector Filter - Merge","hd":false},{"ty":"fl","c":{"a":0,"k":[0.4,0.4,0.4,1],"ix":4},"o":{"a":0,"k":100,"ix":5},"r":1,"nm":"Fill 1","mn":"ADBE Vector Graphic - Fill","hd":false},{"ty":"tr","p":{"a":0,"k":[0,0],"ix":2},"a":{"a":0,"k":[0,0],"ix":1},"s":{"a":0,"k":[100,100],"ix":3},"r":{"a":0,"k":0,"ix":6},"o":{"a":0,"k":100,"ix":7},"sk":{"a":0,"k":0,"ix":4},"sa":{"a":0,"k":0,"ix":5},"nm":"Transform"}],"nm":"b","np":5,"cix":2,"ix":2,"mn":"ADBE Vector Group","hd":false},{"ty":"gr","it":[{"ind":0,"ty":"sh","ix":1,"ks":{"a":0,"k":{"i":[[3.094,0],[0.87,-0.628],[0,-1.063],[-0.967,-0.58],[-1.474,-0.363],[-0.411,-0.193],[0,-0.701],[2.224,0],[0.532,0.387],[0.145,0.991],[0,0],[-3.287,0],[0,2.562],[0.991,0.628],[1.499,0.363],[0.459,0.218],[0,0.532],[-0.532,0.314],[-0.87,0],[-0.532,-0.387],[-0.169,-0.773],[0,0]],"o":[[-1.402,0],[-0.943,0.628],[0,1.063],[0.58,0.387],[1.354,0.338],[0.773,0.387],[0,1.402],[-1.063,0],[-0.532,-0.435],[0,0],[0.29,2.876],[3.529,0],[0,-1.088],[-0.653,-0.411],[-1.257,-0.338],[-0.725,-0.363],[0,-0.556],[0.483,-0.338],[0.991,0],[0.483,0.338],[0,0],[-0.338,-2.61]],"v":[[38.394,-12.834],[34.961,-11.892],[33.56,-9.378],[34.986,-6.937],[38.079,-5.825],[40.738,-5.027],[41.922,-3.408],[38.563,-1.281],[36.17,-1.861],[35.131,-3.988],[33.245,-3.988],[38.611,0.338],[43.904,-3.529],[42.406,-6.091],[39.191,-7.251],[36.605,-8.073],[35.542,-9.426],[36.339,-10.731],[38.369,-11.215],[40.666,-10.635],[41.632,-8.943],[43.518,-8.943]],"c":true},"ix":2},"nm":"s","mn":"ADBE Vector Shape - Group","hd":false},{"ty":"fl","c":{"a":0,"k":[0.4,0.4,0.4,1],"ix":4},"o":{"a":0,"k":100,"ix":5},"r":1,"nm":"Fill 1","mn":"ADBE Vector Graphic - Fill","hd":false},{"ty":"tr","p":{"a":0,"k":[0,0],"ix":2},"a":{"a":0,"k":[0,0],"ix":1},"s":{"a":0,"k":[100,100],"ix":3},"r":{"a":0,"k":0,"ix":6},"o":{"a":0,"k":100,"ix":7},"sk":{"a":0,"k":0,"ix":4},"sa":{"a":0,"k":0,"ix":5},"nm":"Transform"}],"nm":"s","np":3,"cix":2,"ix":3,"mn":"ADBE Vector Group","hd":false},{"ty":"gr","it":[{"ind":0,"ty":"sh","ix":1,"ks":{"a":0,"k":{"i":[[2.006,0],[1.063,-1.305],[0,-1.837],[-1.112,-1.208],[-1.789,0],[-1.039,0.918],[-0.29,1.208],[0,0],[0.532,-0.435],[1.015,0],[0.677,0.773],[0.097,1.402],[0,0],[0.918,1.208]],"o":[[-1.813,0],[-1.063,1.233],[0,2.03],[1.063,1.16],[1.619,0],[0.846,-0.773],[0,0],[-0.314,0.87],[-0.628,0.508],[-1.184,0],[-0.677,-0.773],[0,0],[-0.048,-2.175],[-1.015,-1.354]],"v":[[51.238,-12.834],[46.936,-10.876],[45.365,-6.26],[47.009,-1.426],[51.311,0.338],[55.299,-1.063],[56.991,-4.012],[55.057,-4.012],[53.8,-2.054],[51.311,-1.281],[48.507,-2.441],[47.371,-5.704],[57.233,-5.704],[55.782,-10.804]],"c":true},"ix":2},"nm":"e","mn":"ADBE Vector Shape - Group","hd":false},{"ind":1,"ty":"sh","ix":2,"ks":{"a":0,"k":{"i":[[-1.112,0],[-0.242,-2.683],[0,0],[-0.677,0.725]],"o":[[2.369,0],[0,0],[0.121,-1.233],[0.677,-0.725]],"v":[[51.287,-11.215],[55.226,-7.203],[47.42,-7.203],[48.604,-10.127]],"c":true},"ix":2},"nm":"e","mn":"ADBE Vector Shape - Group","hd":false},{"ty":"mm","mm":1,"nm":"Merge Paths 1","mn":"ADBE Vector Filter - Merge","hd":false},{"ty":"fl","c":{"a":0,"k":[0.4,0.4,0.4,1],"ix":4},"o":{"a":0,"k":100,"ix":5},"r":1,"nm":"Fill 1","mn":"ADBE Vector Graphic - Fill","hd":false},{"ty":"tr","p":{"a":0,"k":[0,0],"ix":2},"a":{"a":0,"k":[0,0],"ix":1},"s":{"a":0,"k":[100,100],"ix":3},"r":{"a":0,"k":0,"ix":6},"o":{"a":0,"k":100,"ix":7},"sk":{"a":0,"k":0,"ix":4},"sa":{"a":0,"k":0,"ix":5},"nm":"Transform"}],"nm":"e","np":5,"cix":2,"ix":4,"mn":"ADBE Vector Group","hd":false},{"ty":"gr","it":[{"ind":0,"ty":"sh","ix":1,"ks":{"a":0,"k":{"i":[[0.677,0],[0.653,-0.532],[0.338,-0.725],[0,0],[0,0],[0,0],[0,0],[0,0],[-0.677,0.822],[-0.967,0],[-0.628,-0.193],[0,0]],"o":[[-0.87,0],[-0.532,0.411],[0,0],[0,0],[0,0],[0,0],[0,0],[0,-1.16],[0.653,-0.87],[0.604,0],[0,0],[-0.459,-0.193]],"v":[[64.897,-12.834],[62.625,-12.037],[61.319,-10.321],[61.319,-12.496],[59.41,-12.496],[59.41,0],[61.319,0],[61.319,-6.623],[62.31,-9.595],[64.752,-10.876],[66.613,-10.611],[66.613,-12.544]],"c":true},"ix":2},"nm":"r","mn":"ADBE Vector Shape - Group","hd":false},{"ty":"fl","c":{"a":0,"k":[0.4,0.4,0.4,1],"ix":4},"o":{"a":0,"k":100,"ix":5},"r":1,"nm":"Fill 1","mn":"ADBE Vector Graphic - Fill","hd":false},{"ty":"tr","p":{"a":0,"k":[0,0],"ix":2},"a":{"a":0,"k":[0,0],"ix":1},"s":{"a":0,"k":[100,100],"ix":3},"r":{"a":0,"k":0,"ix":6},"o":{"a":0,"k":100,"ix":7},"sk":{"a":0,"k":0,"ix":4},"sa":{"a":0,"k":0,"ix":5},"nm":"Transform"}],"nm":"r","np":3,"cix":2,"ix":5,"mn":"ADBE Vector Group","hd":false},{"ty":"gr","it":[{"ind":0,"ty":"sh","ix":1,"ks":{"a":0,"k":{"i":[[0,0],[0,0],[0,0],[0,0],[0,0],[0,0],[0,0]],"o":[[0,0],[0,0],[0,0],[0,0],[0,0],[0,0],[0,0]],"v":[[66.792,-12.496],[71.505,0],[73.463,0],[78.2,-12.496],[76.073,-12.496],[72.496,-2.417],[68.919,-12.496]],"c":true},"ix":2},"nm":"v","mn":"ADBE Vector Shape - Group","hd":false},{"ty":"fl","c":{"a":0,"k":[0.4,0.4,0.4,1],"ix":4},"o":{"a":0,"k":100,"ix":5},"r":1,"nm":"Fill 1","mn":"ADBE Vector Graphic - Fill","hd":false},{"ty":"tr","p":{"a":0,"k":[0,0],"ix":2},"a":{"a":0,"k":[0,0],"ix":1},"s":{"a":0,"k":[100,100],"ix":3},"r":{"a":0,"k":0,"ix":6},"o":{"a":0,"k":100,"ix":7},"sk":{"a":0,"k":0,"ix":4},"sa":{"a":0,"k":0,"ix":5},"nm":"Transform"}],"nm":"v","np":3,"cix":2,"ix":6,"mn":"ADBE Vector Group","hd":false},{"ty":"gr","it":[{"ind":0,"ty":"sh","ix":1,"ks":{"a":0,"k":{"i":[[1.789,0],[0.918,-0.58],[0.266,-1.305],[0,0],[-0.653,0.387],[-0.918,0],[0,-2.103],[0,0],[0,0],[1.015,-0.677],[0,-1.426],[-0.773,-0.653],[-1.257,0],[-0.918,0.508],[-0.483,0.677],[0,0],[0,0],[0,0],[0.725,0.822]],"o":[[-1.499,0],[-1.015,0.628],[0,0],[0.193,-0.798],[0.58,-0.387],[2.175,0],[0,0],[0,0],[-1.885,0.024],[-1.16,0.725],[0,1.015],[0.749,0.628],[1.16,0],[0.773,-0.435],[0,0],[0,0],[0,0],[0,-1.45],[-0.87,-0.943]],"v":[[85.176,-12.834],[81.575,-11.964],[79.641,-9.04],[81.55,-8.895],[82.807,-10.683],[85.055,-11.239],[88.318,-8.097],[88.318,-7.444],[85.321,-7.396],[80.97,-6.333],[79.254,-3.118],[80.414,-0.604],[83.411,0.338],[86.529,-0.435],[88.439,-2.103],[88.439,0],[90.252,0],[90.252,-8.024],[89.14,-11.432]],"c":true},"ix":2},"nm":"a","mn":"ADBE Vector Shape - Group","hd":false},{"ind":1,"ty":"sh","ix":2,"ks":{"a":0,"k":{"i":[[0,0],[0,0],[0.894,-0.749],[1.184,0],[0.483,0.363],[0,0.58],[-2.804,0.048]],"o":[[0,0],[0,0.967],[-0.918,0.773],[-0.773,0],[-0.483,-0.387],[0,-1.813],[0,0]],"v":[[88.318,-5.994],[88.318,-4.931],[86.964,-2.344],[83.822,-1.184],[81.937,-1.74],[81.236,-3.166],[85.442,-5.946]],"c":true},"ix":2},"nm":"a","mn":"ADBE Vector Shape - Group","hd":false},{"ty":"mm","mm":1,"nm":"Merge Paths 1","mn":"ADBE Vector Filter - Merge","hd":false},{"ty":"fl","c":{"a":0,"k":[0.4,0.4,0.4,1],"ix":4},"o":{"a":0,"k":100,"ix":5},"r":1,"nm":"Fill 1","mn":"ADBE Vector Graphic - Fill","hd":false},{"ty":"tr","p":{"a":0,"k":[0,0],"ix":2},"a":{"a":0,"k":[0,0],"ix":1},"s":{"a":0,"k":[100,100],"ix":3},"r":{"a":0,"k":0,"ix":6},"o":{"a":0,"k":100,"ix":7},"sk":{"a":0,"k":0,"ix":4},"sa":{"a":0,"k":0,"ix":5},"nm":"Transform"}],"nm":"a","np":5,"cix":2,"ix":7,"mn":"ADBE Vector Group","hd":false},{"ty":"gr","it":[{"ind":0,"ty":"sh","ix":1,"ks":{"a":0,"k":{"i":[[0,0],[0,0],[0,0],[0,0],[0,0],[0,0],[0,0],[-0.411,-0.483],[-1.015,0],[0,0],[0,0],[0,0],[0.169,0.193],[0,0.459],[0,0],[0,0],[0,0],[0,0]],"o":[[0,0],[0,0],[0,0],[0,0],[0,0],[0,0],[0,0.943],[0.435,0.532],[0,0],[0,0],[0,0],[-0.435,0],[-0.193,-0.193],[0,0],[0,0],[0,0],[0,0],[0,0]],"v":[[96.489,-16.532],[94.579,-15.735],[94.579,-12.496],[92.066,-12.496],[92.066,-10.876],[94.579,-10.876],[94.579,-2.925],[95.184,-0.798],[97.383,0],[99.268,0],[99.268,-1.619],[97.673,-1.619],[96.755,-1.934],[96.489,-2.925],[96.489,-10.876],[99.583,-10.876],[99.583,-12.496],[96.489,-12.496]],"c":true},"ix":2},"nm":"t","mn":"ADBE Vector Shape - Group","hd":false},{"ty":"fl","c":{"a":0,"k":[0.4,0.4,0.4,1],"ix":4},"o":{"a":0,"k":100,"ix":5},"r":1,"nm":"Fill 1","mn":"ADBE Vector Graphic - Fill","hd":false},{"ty":"tr","p":{"a":0,"k":[0,0],"ix":2},"a":{"a":0,"k":[0,0],"ix":1},"s":{"a":0,"k":[100,100],"ix":3},"r":{"a":0,"k":0,"ix":6},"o":{"a":0,"k":100,"ix":7},"sk":{"a":0,"k":0,"ix":4},"sa":{"a":0,"k":0,"ix":5},"nm":"Transform"}],"nm":"t","np":3,"cix":2,"ix":8,"mn":"ADBE Vector Group","hd":false},{"ty":"gr","it":[{"ind":0,"ty":"sh","ix":1,"ks":{"a":0,"k":{"i":[[0.411,0],[0.29,-0.29],[0,-0.435],[-0.29,-0.29],[-0.411,0],[-0.29,0.266],[0,0.411],[0.29,0.242]],"o":[[-0.411,0],[-0.29,0.242],[0,0.411],[0.29,0.266],[0.411,0],[0.29,-0.29],[0,-0.435],[-0.29,-0.29]],"v":[[103.269,-17.209],[102.229,-16.798],[101.818,-15.783],[102.229,-14.744],[103.269,-14.333],[104.308,-14.744],[104.743,-15.783],[104.308,-16.798]],"c":true},"ix":2},"nm":"i","mn":"ADBE Vector Shape - Group","hd":false},{"ind":1,"ty":"sh","ix":2,"ks":{"a":0,"k":{"i":[[0,0],[0,0],[0,0],[0,0]],"o":[[0,0],[0,0],[0,0],[0,0]],"v":[[102.302,-12.496],[102.302,0],[104.235,0],[104.235,-12.496]],"c":true},"ix":2},"nm":"i","mn":"ADBE Vector Shape - Group","hd":false},{"ty":"mm","mm":1,"nm":"Merge Paths 1","mn":"ADBE Vector Filter - Merge","hd":false},{"ty":"fl","c":{"a":0,"k":[0.4,0.4,0.4,1],"ix":4},"o":{"a":0,"k":100,"ix":5},"r":1,"nm":"Fill 1","mn":"ADBE Vector Graphic - Fill","hd":false},{"ty":"tr","p":{"a":0,"k":[0,0],"ix":2},"a":{"a":0,"k":[0,0],"ix":1},"s":{"a":0,"k":[100,100],"ix":3},"r":{"a":0,"k":0,"ix":6},"o":{"a":0,"k":100,"ix":7},"sk":{"a":0,"k":0,"ix":4},"sa":{"a":0,"k":0,"ix":5},"nm":"Transform"}],"nm":"i","np":5,"cix":2,"ix":9,"mn":"ADBE Vector Group","hd":false},{"ty":"gr","it":[{"ind":0,"ty":"sh","ix":1,"ks":{"a":0,"k":{"i":[[1.861,0],[1.112,-1.305],[0,-1.885],[-1.063,-1.208],[-1.885,0],[-1.136,1.305],[0,1.861],[1.063,1.233]],"o":[[-1.885,0],[-1.063,1.233],[0,1.861],[1.112,1.305],[1.861,0],[1.039,-1.208],[0,-1.885],[-1.112,-1.305]],"v":[[113.401,-12.834],[108.929,-10.901],[107.334,-6.236],[108.929,-1.619],[113.401,0.338],[117.896,-1.619],[119.467,-6.236],[117.872,-10.901]],"c":true},"ix":2},"nm":"o","mn":"ADBE Vector Shape - Group","hd":false},{"ind":1,"ty":"sh","ix":2,"ks":{"a":0,"k":{"i":[[-1.329,0],[-0.773,-1.015],[0,-1.402],[0.653,-0.918],[1.305,0],[0.725,1.015],[0,1.378],[-0.677,0.918]],"o":[[1.305,0],[0.653,0.918],[0,1.354],[-0.773,1.015],[-1.329,0],[-0.677,-0.918],[0,-1.402],[0.725,-1.015]],"v":[[113.401,-11.215],[116.518,-9.692],[117.509,-6.236],[116.518,-2.804],[113.401,-1.281],[110.307,-2.804],[109.316,-6.236],[110.307,-9.692]],"c":true},"ix":2},"nm":"o","mn":"ADBE Vector Shape - Group","hd":false},{"ty":"mm","mm":1,"nm":"Merge Paths 1","mn":"ADBE Vector Filter - Merge","hd":false},{"ty":"fl","c":{"a":0,"k":[0.4,0.4,0.4,1],"ix":4},"o":{"a":0,"k":100,"ix":5},"r":1,"nm":"Fill 1","mn":"ADBE Vector Graphic - Fill","hd":false},{"ty":"tr","p":{"a":0,"k":[0,0],"ix":2},"a":{"a":0,"k":[0,0],"ix":1},"s":{"a":0,"k":[100,100],"ix":3},"r":{"a":0,"k":0,"ix":6},"o":{"a":0,"k":100,"ix":7},"sk":{"a":0,"k":0,"ix":4},"sa":{"a":0,"k":0,"ix":5},"nm":"Transform"}],"nm":"o","np":5,"cix":2,"ix":10,"mn":"ADBE Vector Group","hd":false},{"ty":"gr","it":[{"ind":0,"ty":"sh","ix":1,"ks":{"a":0,"k":{"i":[[3.094,0],[0.677,-0.387],[0.435,-0.701],[0,0],[0,0],[0,0],[0,0],[0,0],[-0.677,0.677],[-0.87,0],[0,-2.441],[0,0],[0,0],[0,0]],"o":[[-0.822,0],[-0.677,0.363],[0,0],[0,0],[0,0],[0,0],[0,0],[0.073,-1.136],[0.628,-0.628],[2.175,0],[0,0],[0,0],[0,0],[0,-3.432]],"v":[[127.73,-12.834],[125.483,-12.254],[123.815,-10.659],[123.815,-12.496],[121.881,-12.496],[121.881,0],[123.815,0],[123.815,-7.541],[124.927,-10.248],[127.174,-11.191],[130.462,-7.541],[130.462,0],[132.395,0],[132.395,-7.686]],"c":true},"ix":2},"nm":"n","mn":"ADBE Vector Shape - Group","hd":false},{"ty":"fl","c":{"a":0,"k":[0.4,0.4,0.4,1],"ix":4},"o":{"a":0,"k":100,"ix":5},"r":1,"nm":"Fill 1","mn":"ADBE Vector Graphic - Fill","hd":false},{"ty":"tr","p":{"a":0,"k":[0,0],"ix":2},"a":{"a":0,"k":[0,0],"ix":1},"s":{"a":0,"k":[100,100],"ix":3},"r":{"a":0,"k":0,"ix":6},"o":{"a":0,"k":100,"ix":7},"sk":{"a":0,"k":0,"ix":4},"sa":{"a":0,"k":0,"ix":5},"nm":"Transform"}],"nm":"n","np":3,"cix":2,"ix":11,"mn":"ADBE Vector Group","hd":false},{"ty":"gr","it":[{"ind":0,"ty":"sh","ix":1,"ks":{"a":0,"k":{"i":[[1.789,0],[0.918,-0.58],[0.266,-1.305],[0,0],[-0.653,0.387],[-0.918,0],[0,-2.103],[0,0],[0,0],[1.015,-0.677],[0,-1.426],[-0.773,-0.653],[-1.257,0],[-0.918,0.508],[-0.483,0.677],[0,0],[0,0],[0,0],[0.725,0.822]],"o":[[-1.499,0],[-1.015,0.628],[0,0],[0.193,-0.798],[0.58,-0.387],[2.175,0],[0,0],[0,0],[-1.885,0.024],[-1.16,0.725],[0,1.015],[0.749,0.628],[1.16,0],[0.773,-0.435],[0,0],[0,0],[0,0],[0,-1.45],[-0.87,-0.943]],"v":[[140.735,-12.834],[137.134,-11.964],[135.2,-9.04],[137.11,-8.895],[138.367,-10.683],[140.614,-11.239],[143.877,-8.097],[143.877,-7.444],[140.88,-7.396],[136.53,-6.333],[134.814,-3.118],[135.974,-0.604],[138.971,0.338],[142.089,-0.435],[143.998,-2.103],[143.998,0],[145.811,0],[145.811,-8.024],[144.699,-11.432]],"c":true},"ix":2},"nm":"a","mn":"ADBE Vector Shape - Group","hd":false},{"ind":1,"ty":"sh","ix":2,"ks":{"a":0,"k":{"i":[[0,0],[0,0],[0.894,-0.749],[1.184,0],[0.483,0.363],[0,0.58],[-2.804,0.048]],"o":[[0,0],[0,0.967],[-0.918,0.773],[-0.773,0],[-0.483,-0.387],[0,-1.813],[0,0]],"v":[[143.877,-5.994],[143.877,-4.931],[142.524,-2.344],[139.382,-1.184],[137.496,-1.74],[136.796,-3.166],[141.001,-5.946]],"c":true},"ix":2},"nm":"a","mn":"ADBE Vector Shape - Group","hd":false},{"ty":"mm","mm":1,"nm":"Merge Paths 1","mn":"ADBE Vector Filter - Merge","hd":false},{"ty":"fl","c":{"a":0,"k":[0.4,0.4,0.4,1],"ix":4},"o":{"a":0,"k":100,"ix":5},"r":1,"nm":"Fill 1","mn":"ADBE Vector Graphic - Fill","hd":false},{"ty":"tr","p":{"a":0,"k":[0,0],"ix":2},"a":{"a":0,"k":[0,0],"ix":1},"s":{"a":0,"k":[100,100],"ix":3},"r":{"a":0,"k":0,"ix":6},"o":{"a":0,"k":100,"ix":7},"sk":{"a":0,"k":0,"ix":4},"sa":{"a":0,"k":0,"ix":5},"nm":"Transform"}],"nm":"a","np":5,"cix":2,"ix":12,"mn":"ADBE Vector Group","hd":false},{"ty":"gr","it":[{"ind":0,"ty":"sh","ix":1,"ks":{"a":0,"k":{"i":[[0,0],[0,0],[0,0],[0,0]],"o":[[0,0],[0,0],[0,0],[0,0]],"v":[[149.099,-17.596],[149.099,0],[151.009,0],[151.009,-17.596]],"c":true},"ix":2},"nm":"l","mn":"ADBE Vector Shape - Group","hd":false},{"ty":"fl","c":{"a":0,"k":[0.4,0.4,0.4,1],"ix":4},"o":{"a":0,"k":100,"ix":5},"r":1,"nm":"Fill 1","mn":"ADBE Vector Graphic - Fill","hd":false},{"ty":"tr","p":{"a":0,"k":[0,0],"ix":2},"a":{"a":0,"k":[0,0],"ix":1},"s":{"a":0,"k":[100,100],"ix":3},"r":{"a":0,"k":0,"ix":6},"o":{"a":0,"k":100,"ix":7},"sk":{"a":0,"k":0,"ix":4},"sa":{"a":0,"k":0,"ix":5},"nm":"Transform"}],"nm":"l","np":3,"cix":2,"ix":13,"mn":"ADBE Vector Group","hd":false}],"ip":0,"op":1500,"st":0,"bm":0},{"ddd":0,"ind":2,"ty":4,"nm":"持续性注意力 3 Outlines","parent":7,"sr":1,"ks":{"o":{"a":1,"k":[{"i":{"x":[0.667],"y":[1]},"o":{"x":[0.333],"y":[0]},"n":["0p667_1_0p333_0"],"t":3.333,"s":[0],"e":[100]},{"t":7.0830078125}],"ix":11},"r":{"a":0,"k":0,"ix":10},"p":{"a":1,"k":[{"i":{"x":0.667,"y":1},"o":{"x":0.333,"y":0},"n":"0p667_1_0p333_0","t":3.333,"s":[1082.561,1574.909,0],"e":[1082.561,1443.659,0],"to":[0,-21.875,0],"ti":[0,21.875,0]},{"t":7.0830078125}],"ix":2},"a":{"a":0,"k":[36.133,-8.641,0],"ix":1},"s":{"a":0,"k":[937.5,937.5,100],"ix":6}},"ao":0,"shapes":[{"ty":"gr","it":[{"ind":0,"ty":"sh","ix":1,"ks":{"a":0,"k":{"i":[[1.934,0],[1.136,-0.773],[0,-1.499],[-1.329,-0.773],[-2.079,-0.628],[-0.483,-0.29],[0,-1.088],[0.87,-0.532],[1.402,0],[0.798,0.628],[0.169,1.499],[0,0],[-1.354,-1.039],[-2.03,0],[-1.208,0.846],[0,1.499],[1.426,0.87],[2.272,0.677],[0.435,0.242],[0,0.87],[-0.822,0.483],[-1.281,0],[-0.773,-0.628],[-0.218,-1.257],[0,0],[1.16,0.918]],"o":[[-1.789,0],[-1.281,0.822],[0,1.45],[0.556,0.29],[1.934,0.556],[1.136,0.604],[0,0.918],[-0.87,0.532],[-1.547,0],[-0.87,-0.701],[0,0],[0.145,2.127],[1.16,0.87],[2.054,0],[1.208,-0.87],[0,-1.571],[-0.725,-0.435],[-1.668,-0.483],[-0.991,-0.532],[0,-0.991],[0.725,-0.435],[1.402,0],[0.749,0.604],[0,0],[-0.169,-1.813],[-1.112,-0.894]],"v":[[7.541,-17.596],[3.142,-16.436],[1.233,-12.931],[3.215,-9.595],[7.178,-8.194],[10.828,-6.937],[12.544,-4.399],[11.239,-2.224],[7.807,-1.426],[4.302,-2.393],[2.731,-5.704],[0.773,-5.704],[3.021,-0.967],[7.807,0.338],[12.689,-0.943],[14.502,-4.52],[12.351,-8.169],[7.855,-9.837],[4.689,-10.925],[3.215,-13.028],[4.447,-15.227],[7.444,-15.855],[10.707,-14.937],[12.157,-12.157],[14.115,-12.157],[12.133,-16.266]],"c":true},"ix":2},"nm":"S","mn":"ADBE Vector Shape - Group","hd":false},{"ty":"fl","c":{"a":0,"k":[0.4,0.4,0.4,1],"ix":4},"o":{"a":0,"k":100,"ix":5},"r":1,"nm":"Fill 1","mn":"ADBE Vector Graphic - Fill","hd":false},{"ty":"tr","p":{"a":0,"k":[0,0],"ix":2},"a":{"a":0,"k":[0,0],"ix":1},"s":{"a":0,"k":[100,100],"ix":3},"r":{"a":0,"k":0,"ix":6},"o":{"a":0,"k":100,"ix":7},"sk":{"a":0,"k":0,"ix":4},"sa":{"a":0,"k":0,"ix":5},"nm":"Transform"}],"nm":"S","np":3,"cix":2,"ix":1,"mn":"ADBE Vector Group","hd":false},{"ty":"gr","it":[{"ind":0,"ty":"sh","ix":1,"ks":{"a":0,"k":{"i":[[0,0],[0,0],[-3.045,0],[-1.015,1.499],[0,0],[0,0],[0,0],[0,0],[0,0],[0.677,-0.677],[0.822,0],[0.508,0.58],[0,1.184],[0,0]],"o":[[0,0],[0,3.384],[1.692,0],[0,0],[0,0],[0,0],[0,0],[0,0],[-0.145,1.063],[-0.653,0.628],[-1.136,0],[-0.508,-0.58],[0,0],[0,0]],"v":[[16.666,-12.496],[16.666,-4.761],[21.21,0.338],[25.271,-1.934],[25.271,0],[27.204,0],[27.204,-12.496],[25.271,-12.496],[25.271,-4.882],[24.038,-2.272],[21.814,-1.305],[19.349,-2.199],[18.6,-4.858],[18.6,-12.496]],"c":true},"ix":2},"nm":"u","mn":"ADBE Vector Shape - Group","hd":false},{"ty":"fl","c":{"a":0,"k":[0.4,0.4,0.4,1],"ix":4},"o":{"a":0,"k":100,"ix":5},"r":1,"nm":"Fill 1","mn":"ADBE Vector Graphic - Fill","hd":false},{"ty":"tr","p":{"a":0,"k":[0,0],"ix":2},"a":{"a":0,"k":[0,0],"ix":1},"s":{"a":0,"k":[100,100],"ix":3},"r":{"a":0,"k":0,"ix":6},"o":{"a":0,"k":100,"ix":7},"sk":{"a":0,"k":0,"ix":4},"sa":{"a":0,"k":0,"ix":5},"nm":"Transform"}],"nm":"u","np":3,"cix":2,"ix":2,"mn":"ADBE Vector Group","hd":false},{"ty":"gr","it":[{"ind":0,"ty":"sh","ix":1,"ks":{"a":0,"k":{"i":[[3.094,0],[0.87,-0.628],[0,-1.063],[-0.967,-0.58],[-1.474,-0.363],[-0.411,-0.193],[0,-0.701],[2.224,0],[0.532,0.387],[0.145,0.991],[0,0],[-3.287,0],[0,2.562],[0.991,0.628],[1.499,0.363],[0.459,0.218],[0,0.532],[-0.532,0.314],[-0.87,0],[-0.532,-0.387],[-0.169,-0.773],[0,0]],"o":[[-1.402,0],[-0.943,0.628],[0,1.063],[0.58,0.387],[1.354,0.338],[0.773,0.387],[0,1.402],[-1.063,0],[-0.532,-0.435],[0,0],[0.29,2.876],[3.529,0],[0,-1.088],[-0.653,-0.411],[-1.257,-0.338],[-0.725,-0.363],[0,-0.556],[0.483,-0.338],[0.991,0],[0.483,0.338],[0,0],[-0.338,-2.61]],"v":[[34.529,-12.834],[31.097,-11.892],[29.695,-9.378],[31.121,-6.937],[34.215,-5.825],[36.874,-5.027],[38.058,-3.408],[34.698,-1.281],[32.306,-1.861],[31.266,-3.988],[29.381,-3.988],[34.747,0.338],[40.04,-3.529],[38.542,-6.091],[35.327,-7.251],[32.741,-8.073],[31.677,-9.426],[32.475,-10.731],[34.505,-11.215],[36.801,-10.635],[37.768,-8.943],[39.653,-8.943]],"c":true},"ix":2},"nm":"s","mn":"ADBE Vector Shape - Group","hd":false},{"ty":"fl","c":{"a":0,"k":[0.4,0.4,0.4,1],"ix":4},"o":{"a":0,"k":100,"ix":5},"r":1,"nm":"Fill 1","mn":"ADBE Vector Graphic - Fill","hd":false},{"ty":"tr","p":{"a":0,"k":[0,0],"ix":2},"a":{"a":0,"k":[0,0],"ix":1},"s":{"a":0,"k":[100,100],"ix":3},"r":{"a":0,"k":0,"ix":6},"o":{"a":0,"k":100,"ix":7},"sk":{"a":0,"k":0,"ix":4},"sa":{"a":0,"k":0,"ix":5},"nm":"Transform"}],"nm":"s","np":3,"cix":2,"ix":3,"mn":"ADBE Vector Group","hd":false},{"ty":"gr","it":[{"ind":0,"ty":"sh","ix":1,"ks":{"a":0,"k":{"i":[[0,0],[0,0],[0,0],[0,0],[0,0],[0,0],[0,0],[-0.411,-0.483],[-1.015,0],[0,0],[0,0],[0,0],[0.169,0.193],[0,0.459],[0,0],[0,0],[0,0],[0,0]],"o":[[0,0],[0,0],[0,0],[0,0],[0,0],[0,0],[0,0.943],[0.435,0.532],[0,0],[0,0],[0,0],[-0.435,0],[-0.193,-0.193],[0,0],[0,0],[0,0],[0,0],[0,0]],"v":[[45.561,-16.532],[43.652,-15.735],[43.652,-12.496],[41.138,-12.496],[41.138,-10.876],[43.652,-10.876],[43.652,-2.925],[44.256,-0.798],[46.456,0],[48.341,0],[48.341,-1.619],[46.746,-1.619],[45.827,-1.934],[45.561,-2.925],[45.561,-10.876],[48.655,-10.876],[48.655,-12.496],[45.561,-12.496]],"c":true},"ix":2},"nm":"t","mn":"ADBE Vector Shape - Group","hd":false},{"ty":"fl","c":{"a":0,"k":[0.4,0.4,0.4,1],"ix":4},"o":{"a":0,"k":100,"ix":5},"r":1,"nm":"Fill 1","mn":"ADBE Vector Graphic - Fill","hd":false},{"ty":"tr","p":{"a":0,"k":[0,0],"ix":2},"a":{"a":0,"k":[0,0],"ix":1},"s":{"a":0,"k":[100,100],"ix":3},"r":{"a":0,"k":0,"ix":6},"o":{"a":0,"k":100,"ix":7},"sk":{"a":0,"k":0,"ix":4},"sa":{"a":0,"k":0,"ix":5},"nm":"Transform"}],"nm":"t","np":3,"cix":2,"ix":4,"mn":"ADBE Vector Group","hd":false},{"ty":"gr","it":[{"ind":0,"ty":"sh","ix":1,"ks":{"a":0,"k":{"i":[[1.789,0],[0.918,-0.58],[0.266,-1.305],[0,0],[-0.653,0.387],[-0.918,0],[0,-2.103],[0,0],[0,0],[1.015,-0.677],[0,-1.426],[-0.773,-0.653],[-1.257,0],[-0.918,0.508],[-0.483,0.677],[0,0],[0,0],[0,0],[0.725,0.822]],"o":[[-1.499,0],[-1.015,0.628],[0,0],[0.193,-0.798],[0.58,-0.387],[2.175,0],[0,0],[0,0],[-1.885,0.024],[-1.16,0.725],[0,1.015],[0.749,0.628],[1.16,0],[0.773,-0.435],[0,0],[0,0],[0,0],[0,-1.45],[-0.87,-0.943]],"v":[[56.184,-12.834],[52.583,-11.964],[50.649,-9.04],[52.559,-8.895],[53.815,-10.683],[56.063,-11.239],[59.326,-8.097],[59.326,-7.444],[56.329,-7.396],[51.979,-6.333],[50.262,-3.118],[51.423,-0.604],[54.42,0.338],[57.538,-0.435],[59.447,-2.103],[59.447,0],[61.26,0],[61.26,-8.024],[60.148,-11.432]],"c":true},"ix":2},"nm":"a","mn":"ADBE Vector Shape - Group","hd":false},{"ind":1,"ty":"sh","ix":2,"ks":{"a":0,"k":{"i":[[0,0],[0,0],[0.894,-0.749],[1.184,0],[0.483,0.363],[0,0.58],[-2.804,0.048]],"o":[[0,0],[0,0.967],[-0.918,0.773],[-0.773,0],[-0.483,-0.387],[0,-1.813],[0,0]],"v":[[59.326,-5.994],[59.326,-4.931],[57.973,-2.344],[54.831,-1.184],[52.945,-1.74],[52.244,-3.166],[56.45,-5.946]],"c":true},"ix":2},"nm":"a","mn":"ADBE Vector Shape - Group","hd":false},{"ty":"mm","mm":1,"nm":"Merge Paths 1","mn":"ADBE Vector Filter - Merge","hd":false},{"ty":"fl","c":{"a":0,"k":[0.4,0.4,0.4,1],"ix":4},"o":{"a":0,"k":100,"ix":5},"r":1,"nm":"Fill 1","mn":"ADBE Vector Graphic - Fill","hd":false},{"ty":"tr","p":{"a":0,"k":[0,0],"ix":2},"a":{"a":0,"k":[0,0],"ix":1},"s":{"a":0,"k":[100,100],"ix":3},"r":{"a":0,"k":0,"ix":6},"o":{"a":0,"k":100,"ix":7},"sk":{"a":0,"k":0,"ix":4},"sa":{"a":0,"k":0,"ix":5},"nm":"Transform"}],"nm":"a","np":5,"cix":2,"ix":5,"mn":"ADBE Vector Group","hd":false},{"ty":"gr","it":[{"ind":0,"ty":"sh","ix":1,"ks":{"a":0,"k":{"i":[[0.411,0],[0.29,-0.29],[0,-0.435],[-0.29,-0.29],[-0.411,0],[-0.29,0.266],[0,0.411],[0.29,0.242]],"o":[[-0.411,0],[-0.29,0.242],[0,0.411],[0.29,0.266],[0.411,0],[0.29,-0.29],[0,-0.435],[-0.29,-0.29]],"v":[[65.757,-17.209],[64.718,-16.798],[64.307,-15.783],[64.718,-14.744],[65.757,-14.333],[66.796,-14.744],[67.231,-15.783],[66.796,-16.798]],"c":true},"ix":2},"nm":"i","mn":"ADBE Vector Shape - Group","hd":false},{"ind":1,"ty":"sh","ix":2,"ks":{"a":0,"k":{"i":[[0,0],[0,0],[0,0],[0,0]],"o":[[0,0],[0,0],[0,0],[0,0]],"v":[[64.79,-12.496],[64.79,0],[66.724,0],[66.724,-12.496]],"c":true},"ix":2},"nm":"i","mn":"ADBE Vector Shape - Group","hd":false},{"ty":"mm","mm":1,"nm":"Merge Paths 1","mn":"ADBE Vector Filter - Merge","hd":false},{"ty":"fl","c":{"a":0,"k":[0.4,0.4,0.4,1],"ix":4},"o":{"a":0,"k":100,"ix":5},"r":1,"nm":"Fill 1","mn":"ADBE Vector Graphic - Fill","hd":false},{"ty":"tr","p":{"a":0,"k":[0,0],"ix":2},"a":{"a":0,"k":[0,0],"ix":1},"s":{"a":0,"k":[100,100],"ix":3},"r":{"a":0,"k":0,"ix":6},"o":{"a":0,"k":100,"ix":7},"sk":{"a":0,"k":0,"ix":4},"sa":{"a":0,"k":0,"ix":5},"nm":"Transform"}],"nm":"i","np":5,"cix":2,"ix":6,"mn":"ADBE Vector Group","hd":false},{"ty":"gr","it":[{"ind":0,"ty":"sh","ix":1,"ks":{"a":0,"k":{"i":[[3.094,0],[0.677,-0.387],[0.435,-0.701],[0,0],[0,0],[0,0],[0,0],[0,0],[-0.677,0.677],[-0.87,0],[0,-2.441],[0,0],[0,0],[0,0]],"o":[[-0.822,0],[-0.677,0.363],[0,0],[0,0],[0,0],[0,0],[0,0],[0.073,-1.136],[0.628,-0.628],[2.175,0],[0,0],[0,0],[0,0],[0,-3.432]],"v":[[76.155,-12.834],[73.907,-12.254],[72.239,-10.659],[72.239,-12.496],[70.306,-12.496],[70.306,0],[72.239,0],[72.239,-7.541],[73.351,-10.248],[75.599,-11.191],[78.886,-7.541],[78.886,0],[80.819,0],[80.819,-7.686]],"c":true},"ix":2},"nm":"n","mn":"ADBE Vector Shape - Group","hd":false},{"ty":"fl","c":{"a":0,"k":[0.4,0.4,0.4,1],"ix":4},"o":{"a":0,"k":100,"ix":5},"r":1,"nm":"Fill 1","mn":"ADBE Vector Graphic - Fill","hd":false},{"ty":"tr","p":{"a":0,"k":[0,0],"ix":2},"a":{"a":0,"k":[0,0],"ix":1},"s":{"a":0,"k":[100,100],"ix":3},"r":{"a":0,"k":0,"ix":6},"o":{"a":0,"k":100,"ix":7},"sk":{"a":0,"k":0,"ix":4},"sa":{"a":0,"k":0,"ix":5},"nm":"Transform"}],"nm":"n","np":3,"cix":2,"ix":7,"mn":"ADBE Vector Group","hd":false},{"ty":"gr","it":[{"ind":0,"ty":"sh","ix":1,"ks":{"a":0,"k":{"i":[[2.006,0],[1.063,-1.305],[0,-1.837],[-1.112,-1.208],[-1.789,0],[-1.039,0.918],[-0.29,1.208],[0,0],[0.532,-0.435],[1.015,0],[0.677,0.773],[0.097,1.402],[0,0],[0.918,1.208]],"o":[[-1.813,0],[-1.063,1.233],[0,2.03],[1.063,1.16],[1.619,0],[0.846,-0.773],[0,0],[-0.314,0.87],[-0.628,0.508],[-1.184,0],[-0.677,-0.773],[0,0],[-0.048,-2.175],[-1.015,-1.354]],"v":[[88.87,-12.834],[84.567,-10.876],[82.996,-6.26],[84.64,-1.426],[88.942,0.338],[92.93,-1.063],[94.622,-4.012],[92.688,-4.012],[91.432,-2.054],[88.942,-1.281],[86.138,-2.441],[85.002,-5.704],[94.864,-5.704],[93.413,-10.804]],"c":true},"ix":2},"nm":"e","mn":"ADBE Vector Shape - Group","hd":false},{"ind":1,"ty":"sh","ix":2,"ks":{"a":0,"k":{"i":[[-1.112,0],[-0.242,-2.683],[0,0],[-0.677,0.725]],"o":[[2.369,0],[0,0],[0.121,-1.233],[0.677,-0.725]],"v":[[88.918,-11.215],[92.858,-7.203],[85.051,-7.203],[86.235,-10.127]],"c":true},"ix":2},"nm":"e","mn":"ADBE Vector Shape - Group","hd":false},{"ty":"mm","mm":1,"nm":"Merge Paths 1","mn":"ADBE Vector Filter - Merge","hd":false},{"ty":"fl","c":{"a":0,"k":[0.4,0.4,0.4,1],"ix":4},"o":{"a":0,"k":100,"ix":5},"r":1,"nm":"Fill 1","mn":"ADBE Vector Graphic - Fill","hd":false},{"ty":"tr","p":{"a":0,"k":[0,0],"ix":2},"a":{"a":0,"k":[0,0],"ix":1},"s":{"a":0,"k":[100,100],"ix":3},"r":{"a":0,"k":0,"ix":6},"o":{"a":0,"k":100,"ix":7},"sk":{"a":0,"k":0,"ix":4},"sa":{"a":0,"k":0,"ix":5},"nm":"Transform"}],"nm":"e","np":5,"cix":2,"ix":8,"mn":"ADBE Vector Group","hd":false},{"ty":"gr","it":[{"ind":0,"ty":"sh","ix":1,"ks":{"a":0,"k":{"i":[[0,0],[0,0],[1.789,0],[1.015,-1.354],[0,-1.837],[-0.943,-1.208],[-1.837,0],[-0.87,1.595],[0,0],[0,0],[0,0]],"o":[[0,0],[-0.967,-1.764],[-1.789,0],[-0.943,1.208],[0,1.885],[1.015,1.305],[1.885,0],[0,0],[0,0],[0,0],[0,0]],"v":[[106.274,-17.596],[106.274,-10.2],[102.141,-12.834],[97.96,-10.828],[96.558,-6.284],[97.96,-1.644],[102.238,0.338],[106.395,-2.054],[106.395,0],[108.208,0],[108.208,-17.596]],"c":true},"ix":2},"nm":"d","mn":"ADBE Vector Shape - Group","hd":false},{"ind":1,"ty":"sh","ix":2,"ks":{"a":0,"k":{"i":[[-1.378,0],[-0.701,-0.918],[0,-1.45],[0,0],[0.604,-0.87],[1.257,0],[0.677,0.967],[0,1.499],[-0.628,0.846]],"o":[[1.112,0],[0.677,0.894],[0,0],[0,1.402],[-0.701,0.967],[-1.354,0],[-0.604,-0.87],[0,-1.499],[0.677,-0.967]],"v":[[102.552,-11.239],[105.283,-9.885],[106.322,-6.357],[106.322,-6.115],[105.404,-2.707],[102.479,-1.257],[99.434,-2.731],[98.54,-6.284],[99.458,-9.789]],"c":true},"ix":2},"nm":"d","mn":"ADBE Vector Shape - Group","hd":false},{"ty":"mm","mm":1,"nm":"Merge Paths 1","mn":"ADBE Vector Filter - Merge","hd":false},{"ty":"fl","c":{"a":0,"k":[0.4,0.4,0.4,1],"ix":4},"o":{"a":0,"k":100,"ix":5},"r":1,"nm":"Fill 1","mn":"ADBE Vector Graphic - Fill","hd":false},{"ty":"tr","p":{"a":0,"k":[0,0],"ix":2},"a":{"a":0,"k":[0,0],"ix":1},"s":{"a":0,"k":[100,100],"ix":3},"r":{"a":0,"k":0,"ix":6},"o":{"a":0,"k":100,"ix":7},"sk":{"a":0,"k":0,"ix":4},"sa":{"a":0,"k":0,"ix":5},"nm":"Transform"}],"nm":"d","np":5,"cix":2,"ix":9,"mn":"ADBE Vector Group","hd":false}],"ip":0,"op":1500,"st":0,"bm":0},{"ddd":0,"ind":4,"ty":4,"nm":"转换性注意力 3 Outlines","parent":7,"sr":1,"ks":{"o":{"a":1,"k":[{"i":{"x":[0.667],"y":[1]},"o":{"x":[0.333],"y":[0]},"n":["0p667_1_0p333_0"],"t":3.333,"s":[0],"e":[100]},{"t":7.0830078125}],"ix":11},"r":{"a":0,"k":0,"ix":10},"p":{"a":1,"k":[{"i":{"x":0.667,"y":1},"o":{"x":0.333,"y":0},"n":"0p667_1_0p333_0","t":3.333,"s":[2155.259,-305.954,0],"e":[2155.259,-437.204,0],"to":[0,-21.875,0],"ti":[0,21.875,0]},{"t":7.0830078125}],"ix":2},"a":{"a":0,"k":[59.852,-6.236,0],"ix":1},"s":{"a":0,"k":[937.5,937.5,100],"ix":6}},"ao":0,"shapes":[{"ty":"gr","it":[{"ind":0,"ty":"sh","ix":1,"ks":{"a":0,"k":{"i":[[0,0],[0,0],[0,0],[0,0],[0,0],[0,0],[0,0],[0,0]],"o":[[0,0],[0,0],[0,0],[0,0],[0,0],[0,0],[0,0],[0,0]],"v":[[6.792,-17.257],[0,0],[2.127,0],[3.964,-4.834],[11.892,-4.834],[13.729,0],[15.88,0],[9.088,-17.257]],"c":true},"ix":2},"nm":"A","mn":"ADBE Vector Shape - Group","hd":false},{"ind":1,"ty":"sh","ix":2,"ks":{"a":0,"k":{"i":[[0,0],[0,0],[0,0],[0,0]],"o":[[0,0],[0,0],[0,0],[0,0]],"v":[[4.592,-6.502],[7.904,-15.13],[8,-15.13],[11.263,-6.502]],"c":true},"ix":2},"nm":"A","mn":"ADBE Vector Shape - Group","hd":false},{"ty":"mm","mm":1,"nm":"Merge Paths 1","mn":"ADBE Vector Filter - Merge","hd":false},{"ty":"fl","c":{"a":0,"k":[0.4,0.4,0.4,1],"ix":4},"o":{"a":0,"k":100,"ix":5},"r":1,"nm":"Fill 1","mn":"ADBE Vector Graphic - Fill","hd":false},{"ty":"tr","p":{"a":0,"k":[0,0],"ix":2},"a":{"a":0,"k":[0,0],"ix":1},"s":{"a":0,"k":[100,100],"ix":3},"r":{"a":0,"k":0,"ix":6},"o":{"a":0,"k":100,"ix":7},"sk":{"a":0,"k":0,"ix":4},"sa":{"a":0,"k":0,"ix":5},"nm":"Transform"}],"nm":"A","np":5,"cix":2,"ix":1,"mn":"ADBE Vector Group","hd":false},{"ty":"gr","it":[{"ind":0,"ty":"sh","ix":1,"ks":{"a":0,"k":{"i":[[0,0],[0,0],[0,0],[0,0]],"o":[[0,0],[0,0],[0,0],[0,0]],"v":[[17.653,-17.596],[17.653,0],[19.563,0],[19.563,-17.596]],"c":true},"ix":2},"nm":"l","mn":"ADBE Vector Shape - Group","hd":false},{"ty":"fl","c":{"a":0,"k":[0.4,0.4,0.4,1],"ix":4},"o":{"a":0,"k":100,"ix":5},"r":1,"nm":"Fill 1","mn":"ADBE Vector Graphic - Fill","hd":false},{"ty":"tr","p":{"a":0,"k":[0,0],"ix":2},"a":{"a":0,"k":[0,0],"ix":1},"s":{"a":0,"k":[100,100],"ix":3},"r":{"a":0,"k":0,"ix":6},"o":{"a":0,"k":100,"ix":7},"sk":{"a":0,"k":0,"ix":4},"sa":{"a":0,"k":0,"ix":5},"nm":"Transform"}],"nm":"l","np":3,"cix":2,"ix":2,"mn":"ADBE Vector Group","hd":false},{"ty":"gr","it":[{"ind":0,"ty":"sh","ix":1,"ks":{"a":0,"k":{"i":[[0,0],[0,0],[0,0],[0,0],[0,0],[0,0],[0,0],[-0.411,-0.483],[-1.015,0],[0,0],[0,0],[0,0],[0.169,0.193],[0,0.459],[0,0],[0,0],[0,0],[0,0]],"o":[[0,0],[0,0],[0,0],[0,0],[0,0],[0,0],[0,0.943],[0.435,0.532],[0,0],[0,0],[0,0],[-0.435,0],[-0.193,-0.193],[0,0],[0,0],[0,0],[0,0],[0,0]],"v":[[26.242,-16.532],[24.332,-15.735],[24.332,-12.496],[21.818,-12.496],[21.818,-10.876],[24.332,-10.876],[24.332,-2.925],[24.936,-0.798],[27.136,0],[29.021,0],[29.021,-1.619],[27.426,-1.619],[26.507,-1.934],[26.242,-2.925],[26.242,-10.876],[29.335,-10.876],[29.335,-12.496],[26.242,-12.496]],"c":true},"ix":2},"nm":"t","mn":"ADBE Vector Shape - Group","hd":false},{"ty":"fl","c":{"a":0,"k":[0.4,0.4,0.4,1],"ix":4},"o":{"a":0,"k":100,"ix":5},"r":1,"nm":"Fill 1","mn":"ADBE Vector Graphic - Fill","hd":false},{"ty":"tr","p":{"a":0,"k":[0,0],"ix":2},"a":{"a":0,"k":[0,0],"ix":1},"s":{"a":0,"k":[100,100],"ix":3},"r":{"a":0,"k":0,"ix":6},"o":{"a":0,"k":100,"ix":7},"sk":{"a":0,"k":0,"ix":4},"sa":{"a":0,"k":0,"ix":5},"nm":"Transform"}],"nm":"t","np":3,"cix":2,"ix":3,"mn":"ADBE Vector Group","hd":false},{"ty":"gr","it":[{"ind":0,"ty":"sh","ix":1,"ks":{"a":0,"k":{"i":[[2.006,0],[1.063,-1.305],[0,-1.837],[-1.112,-1.208],[-1.789,0],[-1.039,0.918],[-0.29,1.208],[0,0],[0.532,-0.435],[1.015,0],[0.677,0.773],[0.097,1.402],[0,0],[0.918,1.208]],"o":[[-1.813,0],[-1.063,1.233],[0,2.03],[1.063,1.16],[1.619,0],[0.846,-0.773],[0,0],[-0.314,0.87],[-0.628,0.508],[-1.184,0],[-0.677,-0.773],[0,0],[-0.048,-2.175],[-1.015,-1.354]],"v":[[36.574,-12.834],[32.272,-10.876],[30.701,-6.26],[32.344,-1.426],[36.647,0.338],[40.635,-1.063],[42.327,-4.012],[40.393,-4.012],[39.136,-2.054],[36.647,-1.281],[33.843,-2.441],[32.707,-5.704],[42.568,-5.704],[41.118,-10.804]],"c":true},"ix":2},"nm":"e","mn":"ADBE Vector Shape - Group","hd":false},{"ind":1,"ty":"sh","ix":2,"ks":{"a":0,"k":{"i":[[-1.112,0],[-0.242,-2.683],[0,0],[-0.677,0.725]],"o":[[2.369,0],[0,0],[0.121,-1.233],[0.677,-0.725]],"v":[[36.623,-11.215],[40.562,-7.203],[32.755,-7.203],[33.94,-10.127]],"c":true},"ix":2},"nm":"e","mn":"ADBE Vector Shape - Group","hd":false},{"ty":"mm","mm":1,"nm":"Merge Paths 1","mn":"ADBE Vector Filter - Merge","hd":false},{"ty":"fl","c":{"a":0,"k":[0.4,0.4,0.4,1],"ix":4},"o":{"a":0,"k":100,"ix":5},"r":1,"nm":"Fill 1","mn":"ADBE Vector Graphic - Fill","hd":false},{"ty":"tr","p":{"a":0,"k":[0,0],"ix":2},"a":{"a":0,"k":[0,0],"ix":1},"s":{"a":0,"k":[100,100],"ix":3},"r":{"a":0,"k":0,"ix":6},"o":{"a":0,"k":100,"ix":7},"sk":{"a":0,"k":0,"ix":4},"sa":{"a":0,"k":0,"ix":5},"nm":"Transform"}],"nm":"e","np":5,"cix":2,"ix":4,"mn":"ADBE Vector Group","hd":false},{"ty":"gr","it":[{"ind":0,"ty":"sh","ix":1,"ks":{"a":0,"k":{"i":[[0.677,0],[0.653,-0.532],[0.338,-0.725],[0,0],[0,0],[0,0],[0,0],[0,0],[-0.677,0.822],[-0.967,0],[-0.628,-0.193],[0,0]],"o":[[-0.87,0],[-0.532,0.411],[0,0],[0,0],[0,0],[0,0],[0,0],[0,-1.16],[0.653,-0.87],[0.604,0],[0,0],[-0.459,-0.193]],"v":[[50.232,-12.834],[47.96,-12.037],[46.655,-10.321],[46.655,-12.496],[44.746,-12.496],[44.746,0],[46.655,0],[46.655,-6.623],[47.646,-9.595],[50.087,-10.876],[51.948,-10.611],[51.948,-12.544]],"c":true},"ix":2},"nm":"r","mn":"ADBE Vector Shape - Group","hd":false},{"ty":"fl","c":{"a":0,"k":[0.4,0.4,0.4,1],"ix":4},"o":{"a":0,"k":100,"ix":5},"r":1,"nm":"Fill 1","mn":"ADBE Vector Graphic - Fill","hd":false},{"ty":"tr","p":{"a":0,"k":[0,0],"ix":2},"a":{"a":0,"k":[0,0],"ix":1},"s":{"a":0,"k":[100,100],"ix":3},"r":{"a":0,"k":0,"ix":6},"o":{"a":0,"k":100,"ix":7},"sk":{"a":0,"k":0,"ix":4},"sa":{"a":0,"k":0,"ix":5},"nm":"Transform"}],"nm":"r","np":3,"cix":2,"ix":5,"mn":"ADBE Vector Group","hd":false},{"ty":"gr","it":[{"ind":0,"ty":"sh","ix":1,"ks":{"a":0,"k":{"i":[[3.094,0],[0.677,-0.387],[0.435,-0.701],[0,0],[0,0],[0,0],[0,0],[0,0],[-0.677,0.677],[-0.87,0],[0,-2.441],[0,0],[0,0],[0,0]],"o":[[-0.822,0],[-0.677,0.363],[0,0],[0,0],[0,0],[0,0],[0,0],[0.073,-1.136],[0.628,-0.628],[2.175,0],[0,0],[0,0],[0,0],[0,-3.432]],"v":[[59.355,-12.834],[57.107,-12.254],[55.439,-10.659],[55.439,-12.496],[53.506,-12.496],[53.506,0],[55.439,0],[55.439,-7.541],[56.551,-10.248],[58.799,-11.191],[62.086,-7.541],[62.086,0],[64.02,0],[64.02,-7.686]],"c":true},"ix":2},"nm":"n","mn":"ADBE Vector Shape - Group","hd":false},{"ty":"fl","c":{"a":0,"k":[0.4,0.4,0.4,1],"ix":4},"o":{"a":0,"k":100,"ix":5},"r":1,"nm":"Fill 1","mn":"ADBE Vector Graphic - Fill","hd":false},{"ty":"tr","p":{"a":0,"k":[0,0],"ix":2},"a":{"a":0,"k":[0,0],"ix":1},"s":{"a":0,"k":[100,100],"ix":3},"r":{"a":0,"k":0,"ix":6},"o":{"a":0,"k":100,"ix":7},"sk":{"a":0,"k":0,"ix":4},"sa":{"a":0,"k":0,"ix":5},"nm":"Transform"}],"nm":"n","np":3,"cix":2,"ix":6,"mn":"ADBE Vector Group","hd":false},{"ty":"gr","it":[{"ind":0,"ty":"sh","ix":1,"ks":{"a":0,"k":{"i":[[1.789,0],[0.918,-0.58],[0.266,-1.305],[0,0],[-0.653,0.387],[-0.918,0],[0,-2.103],[0,0],[0,0],[1.015,-0.677],[0,-1.426],[-0.773,-0.653],[-1.257,0],[-0.918,0.508],[-0.483,0.677],[0,0],[0,0],[0,0],[0.725,0.822]],"o":[[-1.499,0],[-1.015,0.628],[0,0],[0.193,-0.798],[0.58,-0.387],[2.175,0],[0,0],[0,0],[-1.885,0.024],[-1.16,0.725],[0,1.015],[0.749,0.628],[1.16,0],[0.773,-0.435],[0,0],[0,0],[0,0],[0,-1.45],[-0.87,-0.943]],"v":[[72.36,-12.834],[68.758,-11.964],[66.825,-9.04],[68.734,-8.895],[69.991,-10.683],[72.239,-11.239],[75.502,-8.097],[75.502,-7.444],[72.505,-7.396],[68.154,-6.333],[66.438,-3.118],[67.598,-0.604],[70.595,0.338],[73.713,-0.435],[75.623,-2.103],[75.623,0],[77.435,0],[77.435,-8.024],[76.323,-11.432]],"c":true},"ix":2},"nm":"a","mn":"ADBE Vector Shape - Group","hd":false},{"ind":1,"ty":"sh","ix":2,"ks":{"a":0,"k":{"i":[[0,0],[0,0],[0.894,-0.749],[1.184,0],[0.483,0.363],[0,0.58],[-2.804,0.048]],"o":[[0,0],[0,0.967],[-0.918,0.773],[-0.773,0],[-0.483,-0.387],[0,-1.813],[0,0]],"v":[[75.502,-5.994],[75.502,-4.931],[74.148,-2.344],[71.006,-1.184],[69.121,-1.74],[68.42,-3.166],[72.625,-5.946]],"c":true},"ix":2},"nm":"a","mn":"ADBE Vector Shape - Group","hd":false},{"ty":"mm","mm":1,"nm":"Merge Paths 1","mn":"ADBE Vector Filter - Merge","hd":false},{"ty":"fl","c":{"a":0,"k":[0.4,0.4,0.4,1],"ix":4},"o":{"a":0,"k":100,"ix":5},"r":1,"nm":"Fill 1","mn":"ADBE Vector Graphic - Fill","hd":false},{"ty":"tr","p":{"a":0,"k":[0,0],"ix":2},"a":{"a":0,"k":[0,0],"ix":1},"s":{"a":0,"k":[100,100],"ix":3},"r":{"a":0,"k":0,"ix":6},"o":{"a":0,"k":100,"ix":7},"sk":{"a":0,"k":0,"ix":4},"sa":{"a":0,"k":0,"ix":5},"nm":"Transform"}],"nm":"a","np":5,"cix":2,"ix":7,"mn":"ADBE Vector Group","hd":false},{"ty":"gr","it":[{"ind":0,"ty":"sh","ix":1,"ks":{"a":0,"k":{"i":[[0,0],[0,0],[0,0],[0,0],[0,0],[0,0],[0,0],[-0.411,-0.483],[-1.015,0],[0,0],[0,0],[0,0],[0.169,0.193],[0,0.459],[0,0],[0,0],[0,0],[0,0]],"o":[[0,0],[0,0],[0,0],[0,0],[0,0],[0,0],[0,0.943],[0.435,0.532],[0,0],[0,0],[0,0],[-0.435,0],[-0.193,-0.193],[0,0],[0,0],[0,0],[0,0],[0,0]],"v":[[83.673,-16.532],[81.763,-15.735],[81.763,-12.496],[79.25,-12.496],[79.25,-10.876],[81.763,-10.876],[81.763,-2.925],[82.367,-0.798],[84.567,0],[86.452,0],[86.452,-1.619],[84.857,-1.619],[83.938,-1.934],[83.673,-2.925],[83.673,-10.876],[86.766,-10.876],[86.766,-12.496],[83.673,-12.496]],"c":true},"ix":2},"nm":"t","mn":"ADBE Vector Shape - Group","hd":false},{"ty":"fl","c":{"a":0,"k":[0.4,0.4,0.4,1],"ix":4},"o":{"a":0,"k":100,"ix":5},"r":1,"nm":"Fill 1","mn":"ADBE Vector Graphic - Fill","hd":false},{"ty":"tr","p":{"a":0,"k":[0,0],"ix":2},"a":{"a":0,"k":[0,0],"ix":1},"s":{"a":0,"k":[100,100],"ix":3},"r":{"a":0,"k":0,"ix":6},"o":{"a":0,"k":100,"ix":7},"sk":{"a":0,"k":0,"ix":4},"sa":{"a":0,"k":0,"ix":5},"nm":"Transform"}],"nm":"t","np":3,"cix":2,"ix":8,"mn":"ADBE Vector Group","hd":false},{"ty":"gr","it":[{"ind":0,"ty":"sh","ix":1,"ks":{"a":0,"k":{"i":[[0.411,0],[0.29,-0.29],[0,-0.435],[-0.29,-0.29],[-0.411,0],[-0.29,0.266],[0,0.411],[0.29,0.242]],"o":[[-0.411,0],[-0.29,0.242],[0,0.411],[0.29,0.266],[0.411,0],[0.29,-0.29],[0,-0.435],[-0.29,-0.29]],"v":[[90.452,-17.209],[89.413,-16.798],[89.002,-15.783],[89.413,-14.744],[90.452,-14.333],[91.492,-14.744],[91.927,-15.783],[91.492,-16.798]],"c":true},"ix":2},"nm":"i","mn":"ADBE Vector Shape - Group","hd":false},{"ind":1,"ty":"sh","ix":2,"ks":{"a":0,"k":{"i":[[0,0],[0,0],[0,0],[0,0]],"o":[[0,0],[0,0],[0,0],[0,0]],"v":[[89.485,-12.496],[89.485,0],[91.419,0],[91.419,-12.496]],"c":true},"ix":2},"nm":"i","mn":"ADBE Vector Shape - Group","hd":false},{"ty":"mm","mm":1,"nm":"Merge Paths 1","mn":"ADBE Vector Filter - Merge","hd":false},{"ty":"fl","c":{"a":0,"k":[0.4,0.4,0.4,1],"ix":4},"o":{"a":0,"k":100,"ix":5},"r":1,"nm":"Fill 1","mn":"ADBE Vector Graphic - Fill","hd":false},{"ty":"tr","p":{"a":0,"k":[0,0],"ix":2},"a":{"a":0,"k":[0,0],"ix":1},"s":{"a":0,"k":[100,100],"ix":3},"r":{"a":0,"k":0,"ix":6},"o":{"a":0,"k":100,"ix":7},"sk":{"a":0,"k":0,"ix":4},"sa":{"a":0,"k":0,"ix":5},"nm":"Transform"}],"nm":"i","np":5,"cix":2,"ix":9,"mn":"ADBE Vector Group","hd":false},{"ty":"gr","it":[{"ind":0,"ty":"sh","ix":1,"ks":{"a":0,"k":{"i":[[3.094,0],[0.677,-0.387],[0.435,-0.701],[0,0],[0,0],[0,0],[0,0],[0,0],[-0.677,0.677],[-0.87,0],[0,-2.441],[0,0],[0,0],[0,0]],"o":[[-0.822,0],[-0.677,0.363],[0,0],[0,0],[0,0],[0,0],[0,0],[0.073,-1.136],[0.628,-0.628],[2.175,0],[0,0],[0,0],[0,0],[0,-3.432]],"v":[[100.85,-12.834],[98.602,-12.254],[96.935,-10.659],[96.935,-12.496],[95.001,-12.496],[95.001,0],[96.935,0],[96.935,-7.541],[98.046,-10.248],[100.294,-11.191],[103.581,-7.541],[103.581,0],[105.515,0],[105.515,-7.686]],"c":true},"ix":2},"nm":"n","mn":"ADBE Vector Shape - Group","hd":false},{"ty":"fl","c":{"a":0,"k":[0.4,0.4,0.4,1],"ix":4},"o":{"a":0,"k":100,"ix":5},"r":1,"nm":"Fill 1","mn":"ADBE Vector Graphic - Fill","hd":false},{"ty":"tr","p":{"a":0,"k":[0,0],"ix":2},"a":{"a":0,"k":[0,0],"ix":1},"s":{"a":0,"k":[100,100],"ix":3},"r":{"a":0,"k":0,"ix":6},"o":{"a":0,"k":100,"ix":7},"sk":{"a":0,"k":0,"ix":4},"sa":{"a":0,"k":0,"ix":5},"nm":"Transform"}],"nm":"n","np":3,"cix":2,"ix":10,"mn":"ADBE Vector Group","hd":false},{"ty":"gr","it":[{"ind":0,"ty":"sh","ix":1,"ks":{"a":0,"k":{"i":[[1.885,0],[1.015,-1.233],[0,-1.837],[-1.015,-1.16],[-1.74,0],[-0.918,1.668],[0,0],[2.514,0],[0.556,0.411],[0.145,0.846],[0,0],[-0.894,-0.677],[-1.692,0],[0,3.988],[0,0],[0,0],[0,0]],"o":[[-1.74,0],[-1.015,1.16],[0,1.813],[1.015,1.184],[1.885,0],[0,0],[0,2.755],[-1.136,0],[-0.556,-0.387],[0,0],[0.218,1.354],[0.87,0.677],[3.795,0],[0,0],[0,0],[0,0],[-0.918,-1.668]],"v":[[113.565,-12.834],[109.432,-10.997],[107.933,-6.526],[109.432,-2.079],[113.565,-0.29],[117.771,-2.804],[117.771,-0.604],[114,3.553],[111.462,2.925],[110.399,1.063],[108.465,1.063],[110.133,4.109],[114,5.124],[119.704,-0.87],[119.704,-12.496],[117.771,-12.496],[117.771,-10.345]],"c":true},"ix":2},"nm":"g","mn":"ADBE Vector Shape - Group","hd":false},{"ind":1,"ty":"sh","ix":2,"ks":{"a":0,"k":{"i":[[-1.257,0],[-0.725,-0.918],[0,-1.402],[0.677,-0.846],[1.257,0],[0.677,0.918],[0,1.305],[-0.677,0.822]],"o":[[1.233,0],[0.677,0.822],[0,1.354],[-0.725,0.87],[-1.354,0],[-0.604,-0.822],[0,-1.402],[0.701,-0.918]],"v":[[113.855,-11.239],[116.78,-9.885],[117.795,-6.526],[116.78,-3.215],[113.831,-1.909],[110.81,-3.311],[109.915,-6.526],[110.93,-9.885]],"c":true},"ix":2},"nm":"g","mn":"ADBE Vector Shape - Group","hd":false},{"ty":"mm","mm":1,"nm":"Merge Paths 1","mn":"ADBE Vector Filter - Merge","hd":false},{"ty":"fl","c":{"a":0,"k":[0.4,0.4,0.4,1],"ix":4},"o":{"a":0,"k":100,"ix":5},"r":1,"nm":"Fill 1","mn":"ADBE Vector Graphic - Fill","hd":false},{"ty":"tr","p":{"a":0,"k":[0,0],"ix":2},"a":{"a":0,"k":[0,0],"ix":1},"s":{"a":0,"k":[100,100],"ix":3},"r":{"a":0,"k":0,"ix":6},"o":{"a":0,"k":100,"ix":7},"sk":{"a":0,"k":0,"ix":4},"sa":{"a":0,"k":0,"ix":5},"nm":"Transform"}],"nm":"g","np":5,"cix":2,"ix":11,"mn":"ADBE Vector Group","hd":false}],"ip":0,"op":1500,"st":0,"bm":0},{"ddd":0,"ind":5,"ty":4,"nm":"分配性注意力 3 Outlines","parent":7,"sr":1,"ks":{"o":{"a":1,"k":[{"i":{"x":[0.667],"y":[1]},"o":{"x":[0.333],"y":[0]},"n":["0p667_1_0p333_0"],"t":3.333,"s":[0],"e":[100]},{"t":7.0830078125}],"ix":11},"r":{"a":0,"k":0,"ix":10},"p":{"a":1,"k":[{"i":{"x":0.667,"y":1},"o":{"x":0.333,"y":0},"n":"0p667_1_0p333_0","t":3.333,"s":[-2014.145,-337.138,0],"e":[-2014.145,-468.388,0],"to":[0,-21.875,0],"ti":[0,21.875,0]},{"t":7.0830078125}],"ix":2},"a":{"a":0,"k":[36.085,-8.592,0],"ix":1},"s":{"a":0,"k":[937.5,937.5,100],"ix":6}},"ao":0,"shapes":[{"ty":"gr","it":[{"ind":0,"ty":"sh","ix":1,"ks":{"a":0,"k":{"i":[[0,0],[0,0],[0,0],[-1.45,1.571],[0,2.659],[1.281,1.45],[2.731,0]],"o":[[0,0],[0,0],[2.707,0],[1.378,-1.499],[0,-2.707],[-1.402,-1.595],[0,0]],"v":[[1.74,-17.257],[1.74,0],[7.734,0],[13.97,-2.369],[16.049,-8.629],[14.115,-14.889],[7.928,-17.257]],"c":true},"ix":2},"nm":"D","mn":"ADBE Vector Shape - Group","hd":false},{"ind":1,"ty":"sh","ix":2,"ks":{"a":0,"k":{"i":[[0,0],[0,0],[-1.063,-1.184],[0,-2.32],[1.063,-1.16],[2.248,0],[0,0]],"o":[[0,0],[2.272,0],[0.991,1.112],[0,2.248],[-1.136,1.184],[0,0],[0,0]],"v":[[3.722,-15.541],[7.614,-15.541],[12.593,-13.777],[14.091,-8.629],[12.472,-3.505],[7.396,-1.716],[3.722,-1.716]],"c":true},"ix":2},"nm":"D","mn":"ADBE Vector Shape - Group","hd":false},{"ty":"mm","mm":1,"nm":"Merge Paths 1","mn":"ADBE Vector Filter - Merge","hd":false},{"ty":"fl","c":{"a":0,"k":[0.4,0.4,0.4,1],"ix":4},"o":{"a":0,"k":100,"ix":5},"r":1,"nm":"Fill 1","mn":"ADBE Vector Graphic - Fill","hd":false},{"ty":"tr","p":{"a":0,"k":[0,0],"ix":2},"a":{"a":0,"k":[0,0],"ix":1},"s":{"a":0,"k":[100,100],"ix":3},"r":{"a":0,"k":0,"ix":6},"o":{"a":0,"k":100,"ix":7},"sk":{"a":0,"k":0,"ix":4},"sa":{"a":0,"k":0,"ix":5},"nm":"Transform"}],"nm":"D","np":5,"cix":2,"ix":1,"mn":"ADBE Vector Group","hd":false},{"ty":"gr","it":[{"ind":0,"ty":"sh","ix":1,"ks":{"a":0,"k":{"i":[[0.411,0],[0.29,-0.29],[0,-0.435],[-0.29,-0.29],[-0.411,0],[-0.29,0.266],[0,0.411],[0.29,0.242]],"o":[[-0.411,0],[-0.29,0.242],[0,0.411],[0.29,0.266],[0.411,0],[0.29,-0.29],[0,-0.435],[-0.29,-0.29]],"v":[[20.038,-17.209],[18.998,-16.798],[18.587,-15.783],[18.998,-14.744],[20.038,-14.333],[21.077,-14.744],[21.512,-15.783],[21.077,-16.798]],"c":true},"ix":2},"nm":"i","mn":"ADBE Vector Shape - Group","hd":false},{"ind":1,"ty":"sh","ix":2,"ks":{"a":0,"k":{"i":[[0,0],[0,0],[0,0],[0,0]],"o":[[0,0],[0,0],[0,0],[0,0]],"v":[[19.071,-12.496],[19.071,0],[21.004,0],[21.004,-12.496]],"c":true},"ix":2},"nm":"i","mn":"ADBE Vector Shape - Group","hd":false},{"ty":"mm","mm":1,"nm":"Merge Paths 1","mn":"ADBE Vector Filter - Merge","hd":false},{"ty":"fl","c":{"a":0,"k":[0.4,0.4,0.4,1],"ix":4},"o":{"a":0,"k":100,"ix":5},"r":1,"nm":"Fill 1","mn":"ADBE Vector Graphic - Fill","hd":false},{"ty":"tr","p":{"a":0,"k":[0,0],"ix":2},"a":{"a":0,"k":[0,0],"ix":1},"s":{"a":0,"k":[100,100],"ix":3},"r":{"a":0,"k":0,"ix":6},"o":{"a":0,"k":100,"ix":7},"sk":{"a":0,"k":0,"ix":4},"sa":{"a":0,"k":0,"ix":5},"nm":"Transform"}],"nm":"i","np":5,"cix":2,"ix":2,"mn":"ADBE Vector Group","hd":false},{"ty":"gr","it":[{"ind":0,"ty":"sh","ix":1,"ks":{"a":0,"k":{"i":[[0,0],[0,0],[0,0],[0,0],[0,0],[0,0],[0,0]],"o":[[0,0],[0,0],[0,0],[0,0],[0,0],[0,0],[0,0]],"v":[[23.209,-12.496],[27.922,0],[29.88,0],[34.617,-12.496],[32.49,-12.496],[28.913,-2.417],[25.336,-12.496]],"c":true},"ix":2},"nm":"v","mn":"ADBE Vector Shape - Group","hd":false},{"ty":"fl","c":{"a":0,"k":[0.4,0.4,0.4,1],"ix":4},"o":{"a":0,"k":100,"ix":5},"r":1,"nm":"Fill 1","mn":"ADBE Vector Graphic - Fill","hd":false},{"ty":"tr","p":{"a":0,"k":[0,0],"ix":2},"a":{"a":0,"k":[0,0],"ix":1},"s":{"a":0,"k":[100,100],"ix":3},"r":{"a":0,"k":0,"ix":6},"o":{"a":0,"k":100,"ix":7},"sk":{"a":0,"k":0,"ix":4},"sa":{"a":0,"k":0,"ix":5},"nm":"Transform"}],"nm":"v","np":3,"cix":2,"ix":3,"mn":"ADBE Vector Group","hd":false},{"ty":"gr","it":[{"ind":0,"ty":"sh","ix":1,"ks":{"a":0,"k":{"i":[[0.411,0],[0.29,-0.29],[0,-0.435],[-0.29,-0.29],[-0.411,0],[-0.29,0.266],[0,0.411],[0.29,0.242]],"o":[[-0.411,0],[-0.29,0.242],[0,0.411],[0.29,0.266],[0.411,0],[0.29,-0.29],[0,-0.435],[-0.29,-0.29]],"v":[[37.749,-17.209],[36.71,-16.798],[36.299,-15.783],[36.71,-14.744],[37.749,-14.333],[38.789,-14.744],[39.224,-15.783],[38.789,-16.798]],"c":true},"ix":2},"nm":"i","mn":"ADBE Vector Shape - Group","hd":false},{"ind":1,"ty":"sh","ix":2,"ks":{"a":0,"k":{"i":[[0,0],[0,0],[0,0],[0,0]],"o":[[0,0],[0,0],[0,0],[0,0]],"v":[[36.783,-12.496],[36.783,0],[38.716,0],[38.716,-12.496]],"c":true},"ix":2},"nm":"i","mn":"ADBE Vector Shape - Group","hd":false},{"ty":"mm","mm":1,"nm":"Merge Paths 1","mn":"ADBE Vector Filter - Merge","hd":false},{"ty":"fl","c":{"a":0,"k":[0.4,0.4,0.4,1],"ix":4},"o":{"a":0,"k":100,"ix":5},"r":1,"nm":"Fill 1","mn":"ADBE Vector Graphic - Fill","hd":false},{"ty":"tr","p":{"a":0,"k":[0,0],"ix":2},"a":{"a":0,"k":[0,0],"ix":1},"s":{"a":0,"k":[100,100],"ix":3},"r":{"a":0,"k":0,"ix":6},"o":{"a":0,"k":100,"ix":7},"sk":{"a":0,"k":0,"ix":4},"sa":{"a":0,"k":0,"ix":5},"nm":"Transform"}],"nm":"i","np":5,"cix":2,"ix":4,"mn":"ADBE Vector Group","hd":false},{"ty":"gr","it":[{"ind":0,"ty":"sh","ix":1,"ks":{"a":0,"k":{"i":[[0,0],[0,0],[1.789,0],[1.015,-1.354],[0,-1.837],[-0.943,-1.208],[-1.837,0],[-0.87,1.595],[0,0],[0,0],[0,0]],"o":[[0,0],[-0.967,-1.764],[-1.789,0],[-0.943,1.208],[0,1.885],[1.015,1.305],[1.885,0],[0,0],[0,0],[0,0],[0,0]],"v":[[51.531,-17.596],[51.531,-10.2],[47.398,-12.834],[43.217,-10.828],[41.815,-6.284],[43.217,-1.644],[47.495,0.338],[51.652,-2.054],[51.652,0],[53.465,0],[53.465,-17.596]],"c":true},"ix":2},"nm":"d","mn":"ADBE Vector Shape - Group","hd":false},{"ind":1,"ty":"sh","ix":2,"ks":{"a":0,"k":{"i":[[-1.378,0],[-0.701,-0.918],[0,-1.45],[0,0],[0.604,-0.87],[1.257,0],[0.677,0.967],[0,1.499],[-0.628,0.846]],"o":[[1.112,0],[0.677,0.894],[0,0],[0,1.402],[-0.701,0.967],[-1.354,0],[-0.604,-0.87],[0,-1.499],[0.677,-0.967]],"v":[[47.809,-11.239],[50.54,-9.885],[51.579,-6.357],[51.579,-6.115],[50.661,-2.707],[47.736,-1.257],[44.691,-2.731],[43.797,-6.284],[44.715,-9.789]],"c":true},"ix":2},"nm":"d","mn":"ADBE Vector Shape - Group","hd":false},{"ty":"mm","mm":1,"nm":"Merge Paths 1","mn":"ADBE Vector Filter - Merge","hd":false},{"ty":"fl","c":{"a":0,"k":[0.4,0.4,0.4,1],"ix":4},"o":{"a":0,"k":100,"ix":5},"r":1,"nm":"Fill 1","mn":"ADBE Vector Graphic - Fill","hd":false},{"ty":"tr","p":{"a":0,"k":[0,0],"ix":2},"a":{"a":0,"k":[0,0],"ix":1},"s":{"a":0,"k":[100,100],"ix":3},"r":{"a":0,"k":0,"ix":6},"o":{"a":0,"k":100,"ix":7},"sk":{"a":0,"k":0,"ix":4},"sa":{"a":0,"k":0,"ix":5},"nm":"Transform"}],"nm":"d","np":5,"cix":2,"ix":5,"mn":"ADBE Vector Group","hd":false},{"ty":"gr","it":[{"ind":0,"ty":"sh","ix":1,"ks":{"a":0,"k":{"i":[[2.006,0],[1.063,-1.305],[0,-1.837],[-1.112,-1.208],[-1.789,0],[-1.039,0.918],[-0.29,1.208],[0,0],[0.532,-0.435],[1.015,0],[0.677,0.773],[0.097,1.402],[0,0],[0.918,1.208]],"o":[[-1.813,0],[-1.063,1.233],[0,2.03],[1.063,1.16],[1.619,0],[0.846,-0.773],[0,0],[-0.314,0.87],[-0.628,0.508],[-1.184,0],[-0.677,-0.773],[0,0],[-0.048,-2.175],[-1.015,-1.354]],"v":[[61.51,-12.834],[57.208,-10.876],[55.637,-6.26],[57.281,-1.426],[61.583,0.338],[65.571,-1.063],[67.263,-4.012],[65.329,-4.012],[64.072,-2.054],[61.583,-1.281],[58.779,-2.441],[57.643,-5.704],[67.504,-5.704],[66.054,-10.804]],"c":true},"ix":2},"nm":"e","mn":"ADBE Vector Shape - Group","hd":false},{"ind":1,"ty":"sh","ix":2,"ks":{"a":0,"k":{"i":[[-1.112,0],[-0.242,-2.683],[0,0],[-0.677,0.725]],"o":[[2.369,0],[0,0],[0.121,-1.233],[0.677,-0.725]],"v":[[61.559,-11.215],[65.498,-7.203],[57.691,-7.203],[58.876,-10.127]],"c":true},"ix":2},"nm":"e","mn":"ADBE Vector Shape - Group","hd":false},{"ty":"mm","mm":1,"nm":"Merge Paths 1","mn":"ADBE Vector Filter - Merge","hd":false},{"ty":"fl","c":{"a":0,"k":[0.4,0.4,0.4,1],"ix":4},"o":{"a":0,"k":100,"ix":5},"r":1,"nm":"Fill 1","mn":"ADBE Vector Graphic - Fill","hd":false},{"ty":"tr","p":{"a":0,"k":[0,0],"ix":2},"a":{"a":0,"k":[0,0],"ix":1},"s":{"a":0,"k":[100,100],"ix":3},"r":{"a":0,"k":0,"ix":6},"o":{"a":0,"k":100,"ix":7},"sk":{"a":0,"k":0,"ix":4},"sa":{"a":0,"k":0,"ix":5},"nm":"Transform"}],"nm":"e","np":5,"cix":2,"ix":6,"mn":"ADBE Vector Group","hd":false},{"ty":"gr","it":[{"ind":0,"ty":"sh","ix":1,"ks":{"a":0,"k":{"i":[[0,0],[0,0],[1.789,0],[1.015,-1.354],[0,-1.837],[-0.943,-1.208],[-1.837,0],[-0.87,1.595],[0,0],[0,0],[0,0]],"o":[[0,0],[-0.967,-1.764],[-1.789,0],[-0.943,1.208],[0,1.885],[1.015,1.305],[1.885,0],[0,0],[0,0],[0,0],[0,0]],"v":[[78.915,-17.596],[78.915,-10.2],[74.782,-12.834],[70.6,-10.828],[69.198,-6.284],[70.6,-1.644],[74.878,0.338],[79.036,-2.054],[79.036,0],[80.848,0],[80.848,-17.596]],"c":true},"ix":2},"nm":"d","mn":"ADBE Vector Shape - Group","hd":false},{"ind":1,"ty":"sh","ix":2,"ks":{"a":0,"k":{"i":[[-1.378,0],[-0.701,-0.918],[0,-1.45],[0,0],[0.604,-0.87],[1.257,0],[0.677,0.967],[0,1.499],[-0.628,0.846]],"o":[[1.112,0],[0.677,0.894],[0,0],[0,1.402],[-0.701,0.967],[-1.354,0],[-0.604,-0.87],[0,-1.499],[0.677,-0.967]],"v":[[75.193,-11.239],[77.924,-9.885],[78.963,-6.357],[78.963,-6.115],[78.045,-2.707],[75.12,-1.257],[72.075,-2.731],[71.18,-6.284],[72.099,-9.789]],"c":true},"ix":2},"nm":"d","mn":"ADBE Vector Shape - Group","hd":false},{"ty":"mm","mm":1,"nm":"Merge Paths 1","mn":"ADBE Vector Filter - Merge","hd":false},{"ty":"fl","c":{"a":0,"k":[0.4,0.4,0.4,1],"ix":4},"o":{"a":0,"k":100,"ix":5},"r":1,"nm":"Fill 1","mn":"ADBE Vector Graphic - Fill","hd":false},{"ty":"tr","p":{"a":0,"k":[0,0],"ix":2},"a":{"a":0,"k":[0,0],"ix":1},"s":{"a":0,"k":[100,100],"ix":3},"r":{"a":0,"k":0,"ix":6},"o":{"a":0,"k":100,"ix":7},"sk":{"a":0,"k":0,"ix":4},"sa":{"a":0,"k":0,"ix":5},"nm":"Transform"}],"nm":"d","np":5,"cix":2,"ix":7,"mn":"ADBE Vector Group","hd":false}],"ip":0,"op":1500,"st":0,"bm":0},{"ddd":0,"ind":6,"ty":4,"nm":"选择性注意力 3 Outlines","parent":7,"sr":1,"ks":{"o":{"a":1,"k":[{"i":{"x":[0.667],"y":[1]},"o":{"x":[0.333],"y":[0]},"n":["0p667_1_0p333_0"],"t":3.333,"s":[0],"e":[100]},{"t":7.0830078125}],"ix":11},"r":{"a":0,"k":0,"ix":10},"p":{"a":1,"k":[{"i":{"x":0.667,"y":1},"o":{"x":0.333,"y":0},"n":"0p667_1_0p333_0","t":3.333,"s":[4.509,-1612.478,0],"e":[4.509,-1743.728,0],"to":[0,-21.875,0],"ti":[0,21.875,0]},{"t":7.0830078125}],"ix":2},"a":{"a":0,"k":[50.11,-8.629,0],"ix":1},"s":{"a":0,"k":[937.5,937.5,100],"ix":6}},"ao":0,"shapes":[{"ty":"gr","it":[{"ind":0,"ty":"sh","ix":1,"ks":{"a":0,"k":{"i":[[1.934,0],[1.136,-0.773],[0,-1.499],[-1.329,-0.773],[-2.079,-0.628],[-0.483,-0.29],[0,-1.088],[0.87,-0.532],[1.402,0],[0.798,0.628],[0.169,1.499],[0,0],[-1.354,-1.039],[-2.03,0],[-1.208,0.846],[0,1.499],[1.426,0.87],[2.272,0.677],[0.435,0.242],[0,0.87],[-0.822,0.483],[-1.281,0],[-0.773,-0.628],[-0.218,-1.257],[0,0],[1.16,0.918]],"o":[[-1.789,0],[-1.281,0.822],[0,1.45],[0.556,0.29],[1.934,0.556],[1.136,0.604],[0,0.918],[-0.87,0.532],[-1.547,0],[-0.87,-0.701],[0,0],[0.145,2.127],[1.16,0.87],[2.054,0],[1.208,-0.87],[0,-1.571],[-0.725,-0.435],[-1.668,-0.483],[-0.991,-0.532],[0,-0.991],[0.725,-0.435],[1.402,0],[0.749,0.604],[0,0],[-0.169,-1.813],[-1.112,-0.894]],"v":[[7.541,-17.596],[3.142,-16.436],[1.233,-12.931],[3.215,-9.595],[7.178,-8.194],[10.828,-6.937],[12.544,-4.399],[11.239,-2.224],[7.807,-1.426],[4.302,-2.393],[2.731,-5.704],[0.773,-5.704],[3.021,-0.967],[7.807,0.338],[12.689,-0.943],[14.502,-4.52],[12.351,-8.169],[7.855,-9.837],[4.689,-10.925],[3.215,-13.028],[4.447,-15.227],[7.444,-15.855],[10.707,-14.937],[12.157,-12.157],[14.115,-12.157],[12.133,-16.266]],"c":true},"ix":2},"nm":"S","mn":"ADBE Vector Shape - Group","hd":false},{"ty":"fl","c":{"a":0,"k":[0.4,0.4,0.4,1],"ix":4},"o":{"a":0,"k":100,"ix":5},"r":1,"nm":"Fill 1","mn":"ADBE Vector Graphic - Fill","hd":false},{"ty":"tr","p":{"a":0,"k":[0,0],"ix":2},"a":{"a":0,"k":[0,0],"ix":1},"s":{"a":0,"k":[100,100],"ix":3},"r":{"a":0,"k":0,"ix":6},"o":{"a":0,"k":100,"ix":7},"sk":{"a":0,"k":0,"ix":4},"sa":{"a":0,"k":0,"ix":5},"nm":"Transform"}],"nm":"S","np":3,"cix":2,"ix":1,"mn":"ADBE Vector Group","hd":false},{"ty":"gr","it":[{"ind":0,"ty":"sh","ix":1,"ks":{"a":0,"k":{"i":[[2.006,0],[1.063,-1.305],[0,-1.837],[-1.112,-1.208],[-1.789,0],[-1.039,0.918],[-0.29,1.208],[0,0],[0.532,-0.435],[1.015,0],[0.677,0.773],[0.097,1.402],[0,0],[0.918,1.208]],"o":[[-1.813,0],[-1.063,1.233],[0,2.03],[1.063,1.16],[1.619,0],[0.846,-0.773],[0,0],[-0.314,0.87],[-0.628,0.508],[-1.184,0],[-0.677,-0.773],[0,0],[-0.048,-2.175],[-1.015,-1.354]],"v":[[21.814,-12.834],[17.512,-10.876],[15.941,-6.26],[17.585,-1.426],[21.887,0.338],[25.875,-1.063],[27.567,-4.012],[25.633,-4.012],[24.376,-2.054],[21.887,-1.281],[19.083,-2.441],[17.947,-5.704],[27.809,-5.704],[26.358,-10.804]],"c":true},"ix":2},"nm":"e","mn":"ADBE Vector Shape - Group","hd":false},{"ind":1,"ty":"sh","ix":2,"ks":{"a":0,"k":{"i":[[-1.112,0],[-0.242,-2.683],[0,0],[-0.677,0.725]],"o":[[2.369,0],[0,0],[0.121,-1.233],[0.677,-0.725]],"v":[[21.863,-11.215],[25.802,-7.203],[17.996,-7.203],[19.18,-10.127]],"c":true},"ix":2},"nm":"e","mn":"ADBE Vector Shape - Group","hd":false},{"ty":"mm","mm":1,"nm":"Merge Paths 1","mn":"ADBE Vector Filter - Merge","hd":false},{"ty":"fl","c":{"a":0,"k":[0.4,0.4,0.4,1],"ix":4},"o":{"a":0,"k":100,"ix":5},"r":1,"nm":"Fill 1","mn":"ADBE Vector Graphic - Fill","hd":false},{"ty":"tr","p":{"a":0,"k":[0,0],"ix":2},"a":{"a":0,"k":[0,0],"ix":1},"s":{"a":0,"k":[100,100],"ix":3},"r":{"a":0,"k":0,"ix":6},"o":{"a":0,"k":100,"ix":7},"sk":{"a":0,"k":0,"ix":4},"sa":{"a":0,"k":0,"ix":5},"nm":"Transform"}],"nm":"e","np":5,"cix":2,"ix":2,"mn":"ADBE Vector Group","hd":false},{"ty":"gr","it":[{"ind":0,"ty":"sh","ix":1,"ks":{"a":0,"k":{"i":[[0,0],[0,0],[0,0],[0,0]],"o":[[0,0],[0,0],[0,0],[0,0]],"v":[[30.373,-17.596],[30.373,0],[32.282,0],[32.282,-17.596]],"c":true},"ix":2},"nm":"l","mn":"ADBE Vector Shape - Group","hd":false},{"ty":"fl","c":{"a":0,"k":[0.4,0.4,0.4,1],"ix":4},"o":{"a":0,"k":100,"ix":5},"r":1,"nm":"Fill 1","mn":"ADBE Vector Graphic - Fill","hd":false},{"ty":"tr","p":{"a":0,"k":[0,0],"ix":2},"a":{"a":0,"k":[0,0],"ix":1},"s":{"a":0,"k":[100,100],"ix":3},"r":{"a":0,"k":0,"ix":6},"o":{"a":0,"k":100,"ix":7},"sk":{"a":0,"k":0,"ix":4},"sa":{"a":0,"k":0,"ix":5},"nm":"Transform"}],"nm":"l","np":3,"cix":2,"ix":3,"mn":"ADBE Vector Group","hd":false},{"ty":"gr","it":[{"ind":0,"ty":"sh","ix":1,"ks":{"a":0,"k":{"i":[[2.006,0],[1.063,-1.305],[0,-1.837],[-1.112,-1.208],[-1.789,0],[-1.039,0.918],[-0.29,1.208],[0,0],[0.532,-0.435],[1.015,0],[0.677,0.773],[0.097,1.402],[0,0],[0.918,1.208]],"o":[[-1.813,0],[-1.063,1.233],[0,2.03],[1.063,1.16],[1.619,0],[0.846,-0.773],[0,0],[-0.314,0.87],[-0.628,0.508],[-1.184,0],[-0.677,-0.773],[0,0],[-0.048,-2.175],[-1.015,-1.354]],"v":[[40.774,-12.834],[36.472,-10.876],[34.901,-6.26],[36.544,-1.426],[40.846,0.338],[44.834,-1.063],[46.526,-4.012],[44.593,-4.012],[43.336,-2.054],[40.846,-1.281],[38.043,-2.441],[36.907,-5.704],[46.768,-5.704],[45.318,-10.804]],"c":true},"ix":2},"nm":"e","mn":"ADBE Vector Shape - Group","hd":false},{"ind":1,"ty":"sh","ix":2,"ks":{"a":0,"k":{"i":[[-1.112,0],[-0.242,-2.683],[0,0],[-0.677,0.725]],"o":[[2.369,0],[0,0],[0.121,-1.233],[0.677,-0.725]],"v":[[40.822,-11.215],[44.762,-7.203],[36.955,-7.203],[38.139,-10.127]],"c":true},"ix":2},"nm":"e","mn":"ADBE Vector Shape - Group","hd":false},{"ty":"mm","mm":1,"nm":"Merge Paths 1","mn":"ADBE Vector Filter - Merge","hd":false},{"ty":"fl","c":{"a":0,"k":[0.4,0.4,0.4,1],"ix":4},"o":{"a":0,"k":100,"ix":5},"r":1,"nm":"Fill 1","mn":"ADBE Vector Graphic - Fill","hd":false},{"ty":"tr","p":{"a":0,"k":[0,0],"ix":2},"a":{"a":0,"k":[0,0],"ix":1},"s":{"a":0,"k":[100,100],"ix":3},"r":{"a":0,"k":0,"ix":6},"o":{"a":0,"k":100,"ix":7},"sk":{"a":0,"k":0,"ix":4},"sa":{"a":0,"k":0,"ix":5},"nm":"Transform"}],"nm":"e","np":5,"cix":2,"ix":4,"mn":"ADBE Vector Group","hd":false},{"ty":"gr","it":[{"ind":0,"ty":"sh","ix":1,"ks":{"a":0,"k":{"i":[[1.547,0],[1.063,-1.329],[0,-1.909],[-0.991,-1.184],[-1.885,0],[-0.943,0.798],[-0.29,1.595],[0,0],[2.127,0],[0.653,0.87],[0,1.523],[-0.677,0.894],[-1.208,0],[-0.628,-0.483],[-0.169,-0.967],[0,0],[0.967,0.749]],"o":[[-1.861,0],[-0.991,1.208],[0,1.909],[1.039,1.257],[1.547,0],[0.967,-0.822],[0,0],[-0.29,2.151],[-1.257,0],[-0.677,-0.87],[0,-1.523],[0.701,-0.918],[0.991,0],[0.604,0.483],[0,0],[-0.218,-1.523],[-0.943,-0.725]],"v":[[54.335,-12.834],[49.937,-10.852],[48.462,-6.188],[49.937,-1.547],[54.311,0.338],[58.033,-0.87],[59.895,-4.52],[57.961,-4.52],[54.311,-1.281],[51.435,-2.61],[50.444,-6.212],[51.459,-9.837],[54.335,-11.215],[56.752,-10.514],[57.913,-8.339],[59.822,-8.339],[58.058,-11.747]],"c":true},"ix":2},"nm":"c","mn":"ADBE Vector Shape - Group","hd":false},{"ty":"fl","c":{"a":0,"k":[0.4,0.4,0.4,1],"ix":4},"o":{"a":0,"k":100,"ix":5},"r":1,"nm":"Fill 1","mn":"ADBE Vector Graphic - Fill","hd":false},{"ty":"tr","p":{"a":0,"k":[0,0],"ix":2},"a":{"a":0,"k":[0,0],"ix":1},"s":{"a":0,"k":[100,100],"ix":3},"r":{"a":0,"k":0,"ix":6},"o":{"a":0,"k":100,"ix":7},"sk":{"a":0,"k":0,"ix":4},"sa":{"a":0,"k":0,"ix":5},"nm":"Transform"}],"nm":"c","np":3,"cix":2,"ix":5,"mn":"ADBE Vector Group","hd":false},{"ty":"gr","it":[{"ind":0,"ty":"sh","ix":1,"ks":{"a":0,"k":{"i":[[0,0],[0,0],[0,0],[0,0],[0,0],[0,0],[0,0],[-0.411,-0.483],[-1.015,0],[0,0],[0,0],[0,0],[0.169,0.193],[0,0.459],[0,0],[0,0],[0,0],[0,0]],"o":[[0,0],[0,0],[0,0],[0,0],[0,0],[0,0],[0,0.943],[0.435,0.532],[0,0],[0,0],[0,0],[-0.435,0],[-0.193,-0.193],[0,0],[0,0],[0,0],[0,0],[0,0]],"v":[[65.409,-16.532],[63.5,-15.735],[63.5,-12.496],[60.986,-12.496],[60.986,-10.876],[63.5,-10.876],[63.5,-2.925],[64.104,-0.798],[66.303,0],[68.188,0],[68.188,-1.619],[66.593,-1.619],[65.675,-1.934],[65.409,-2.925],[65.409,-10.876],[68.503,-10.876],[68.503,-12.496],[65.409,-12.496]],"c":true},"ix":2},"nm":"t","mn":"ADBE Vector Shape - Group","hd":false},{"ty":"fl","c":{"a":0,"k":[0.4,0.4,0.4,1],"ix":4},"o":{"a":0,"k":100,"ix":5},"r":1,"nm":"Fill 1","mn":"ADBE Vector Graphic - Fill","hd":false},{"ty":"tr","p":{"a":0,"k":[0,0],"ix":2},"a":{"a":0,"k":[0,0],"ix":1},"s":{"a":0,"k":[100,100],"ix":3},"r":{"a":0,"k":0,"ix":6},"o":{"a":0,"k":100,"ix":7},"sk":{"a":0,"k":0,"ix":4},"sa":{"a":0,"k":0,"ix":5},"nm":"Transform"}],"nm":"t","np":3,"cix":2,"ix":6,"mn":"ADBE Vector Group","hd":false},{"ty":"gr","it":[{"ind":0,"ty":"sh","ix":1,"ks":{"a":0,"k":{"i":[[0.411,0],[0.29,-0.29],[0,-0.435],[-0.29,-0.29],[-0.411,0],[-0.29,0.266],[0,0.411],[0.29,0.242]],"o":[[-0.411,0],[-0.29,0.242],[0,0.411],[0.29,0.266],[0.411,0],[0.29,-0.29],[0,-0.435],[-0.29,-0.29]],"v":[[72.189,-17.209],[71.149,-16.798],[70.738,-15.783],[71.149,-14.744],[72.189,-14.333],[73.228,-14.744],[73.663,-15.783],[73.228,-16.798]],"c":true},"ix":2},"nm":"i","mn":"ADBE Vector Shape - Group","hd":false},{"ind":1,"ty":"sh","ix":2,"ks":{"a":0,"k":{"i":[[0,0],[0,0],[0,0],[0,0]],"o":[[0,0],[0,0],[0,0],[0,0]],"v":[[71.222,-12.496],[71.222,0],[73.155,0],[73.155,-12.496]],"c":true},"ix":2},"nm":"i","mn":"ADBE Vector Shape - Group","hd":false},{"ty":"mm","mm":1,"nm":"Merge Paths 1","mn":"ADBE Vector Filter - Merge","hd":false},{"ty":"fl","c":{"a":0,"k":[0.4,0.4,0.4,1],"ix":4},"o":{"a":0,"k":100,"ix":5},"r":1,"nm":"Fill 1","mn":"ADBE Vector Graphic - Fill","hd":false},{"ty":"tr","p":{"a":0,"k":[0,0],"ix":2},"a":{"a":0,"k":[0,0],"ix":1},"s":{"a":0,"k":[100,100],"ix":3},"r":{"a":0,"k":0,"ix":6},"o":{"a":0,"k":100,"ix":7},"sk":{"a":0,"k":0,"ix":4},"sa":{"a":0,"k":0,"ix":5},"nm":"Transform"}],"nm":"i","np":5,"cix":2,"ix":7,"mn":"ADBE Vector Group","hd":false},{"ty":"gr","it":[{"ind":0,"ty":"sh","ix":1,"ks":{"a":0,"k":{"i":[[0,0],[0,0],[0,0],[0,0],[0,0],[0,0],[0,0]],"o":[[0,0],[0,0],[0,0],[0,0],[0,0],[0,0],[0,0]],"v":[[75.36,-12.496],[80.073,0],[82.031,0],[86.768,-12.496],[84.641,-12.496],[81.064,-2.417],[77.487,-12.496]],"c":true},"ix":2},"nm":"v","mn":"ADBE Vector Shape - Group","hd":false},{"ty":"fl","c":{"a":0,"k":[0.4,0.4,0.4,1],"ix":4},"o":{"a":0,"k":100,"ix":5},"r":1,"nm":"Fill 1","mn":"ADBE Vector Graphic - Fill","hd":false},{"ty":"tr","p":{"a":0,"k":[0,0],"ix":2},"a":{"a":0,"k":[0,0],"ix":1},"s":{"a":0,"k":[100,100],"ix":3},"r":{"a":0,"k":0,"ix":6},"o":{"a":0,"k":100,"ix":7},"sk":{"a":0,"k":0,"ix":4},"sa":{"a":0,"k":0,"ix":5},"nm":"Transform"}],"nm":"v","np":3,"cix":2,"ix":8,"mn":"ADBE Vector Group","hd":false},{"ty":"gr","it":[{"ind":0,"ty":"sh","ix":1,"ks":{"a":0,"k":{"i":[[2.006,0],[1.063,-1.305],[0,-1.837],[-1.112,-1.208],[-1.789,0],[-1.039,0.918],[-0.29,1.208],[0,0],[0.532,-0.435],[1.015,0],[0.677,0.773],[0.097,1.402],[0,0],[0.918,1.208]],"o":[[-1.813,0],[-1.063,1.233],[0,2.03],[1.063,1.16],[1.619,0],[0.846,-0.773],[0,0],[-0.314,0.87],[-0.628,0.508],[-1.184,0],[-0.677,-0.773],[0,0],[-0.048,-2.175],[-1.015,-1.354]],"v":[[93.453,-12.834],[89.151,-10.876],[87.58,-6.26],[89.224,-1.426],[93.526,0.338],[97.514,-1.063],[99.206,-4.012],[97.272,-4.012],[96.015,-2.054],[93.526,-1.281],[90.722,-2.441],[89.586,-5.704],[99.448,-5.704],[97.997,-10.804]],"c":true},"ix":2},"nm":"e","mn":"ADBE Vector Shape - Group","hd":false},{"ind":1,"ty":"sh","ix":2,"ks":{"a":0,"k":{"i":[[-1.112,0],[-0.242,-2.683],[0,0],[-0.677,0.725]],"o":[[2.369,0],[0,0],[0.121,-1.233],[0.677,-0.725]],"v":[[93.502,-11.215],[97.441,-7.203],[89.635,-7.203],[90.819,-10.127]],"c":true},"ix":2},"nm":"e","mn":"ADBE Vector Shape - Group","hd":false},{"ty":"mm","mm":1,"nm":"Merge Paths 1","mn":"ADBE Vector Filter - Merge","hd":false},{"ty":"fl","c":{"a":0,"k":[0.4,0.4,0.4,1],"ix":4},"o":{"a":0,"k":100,"ix":5},"r":1,"nm":"Fill 1","mn":"ADBE Vector Graphic - Fill","hd":false},{"ty":"tr","p":{"a":0,"k":[0,0],"ix":2},"a":{"a":0,"k":[0,0],"ix":1},"s":{"a":0,"k":[100,100],"ix":3},"r":{"a":0,"k":0,"ix":6},"o":{"a":0,"k":100,"ix":7},"sk":{"a":0,"k":0,"ix":4},"sa":{"a":0,"k":0,"ix":5},"nm":"Transform"}],"nm":"e","np":5,"cix":2,"ix":9,"mn":"ADBE Vector Group","hd":false}],"ip":0,"op":1500,"st":0,"bm":0},{"ddd":0,"ind":7,"ty":3,"nm":"Null 2","sr":1,"ks":{"o":{"a":0,"k":0,"ix":11},"r":{"a":0,"k":0,"ix":10},"p":{"a":0,"k":[152.516,125,0],"ix":2},"a":{"a":0,"k":[0,0,0],"ix":1},"s":{"a":0,"k":[5.5,5.5,100],"ix":6}},"ao":0,"ip":0,"op":200,"st":0,"bm":0},{"ddd":0,"ind":10,"ty":4,"nm":"Shape Layer 11","parent":7,"sr":1,"ks":{"o":{"a":0,"k":100,"ix":11},"r":{"a":0,"k":0,"ix":10},"p":{"a":0,"k":[2.026,-29.065,0],"ix":2},"a":{"a":0,"k":[-15.852,728.699,0],"ix":1},"s":{"a":1,"k":[{"i":{"x":[0.271,0.271,0.667],"y":[1,1,1]},"o":{"x":[0.333,0.333,0.333],"y":[0,0,0]},"n":["0p271_1_0p333_0","0p271_1_0p333_0","0p667_1_0p333_0"],"t":0,"s":[0,0,100],"e":[312.5,312.5,100]},{"t":7}],"ix":6}},"ao":0,"shapes":[{"ty":"gr","it":[{"d":1,"ty":"el","s":{"a":0,"k":[202.828,202.828],"ix":2},"p":{"a":0,"k":[0,0],"ix":3},"nm":"Ellipse Path 1","mn":"ADBE Vector Shape - Ellipse","hd":false},{"ty":"fl","c":{"a":0,"k":[0.101960784314,0.454901960784,0.745098039216,1],"ix":4},"o":{"a":0,"k":100,"ix":5},"r":1,"nm":"Fill 1","mn":"ADBE Vector Graphic - Fill","hd":false},{"ty":"fl","c":{"a":0,"k":[0.101960784314,0.454901960784,0.745098039216,1],"ix":4},"o":{"a":0,"k":100,"ix":5},"r":1,"nm":"Fill 2","mn":"ADBE Vector Graphic - Fill","hd":false},{"ty":"tr","p":{"a":1,"k":[{"i":{"x":0.271,"y":1},"o":{"x":0.333,"y":0},"n":"0p271_1_0p333_0","t":4,"s":[-17.574,730.016],"e":[437.604,591.786],"to":[75.8629531860352,-23.0382480621338],"ti":[-75.8629531860352,23.0382480621338]},{"t":11}],"ix":2},"a":{"a":0,"k":[0,0],"ix":1},"s":{"a":0,"k":[24.154,24.154],"ix":3},"r":{"a":0,"k":0,"ix":6},"o":{"a":0,"k":100,"ix":7},"sk":{"a":0,"k":0,"ix":4},"sa":{"a":0,"k":0,"ix":5},"nm":"Transform"}],"nm":"Ellipse 5","np":4,"cix":2,"ix":1,"mn":"ADBE Vector Group","hd":false},{"ty":"gr","it":[{"d":1,"ty":"el","s":{"a":0,"k":[202.828,202.828],"ix":2},"p":{"a":0,"k":[0,0],"ix":3},"nm":"Ellipse Path 1","mn":"ADBE Vector Shape - Ellipse","hd":false},{"ty":"fl","c":{"a":0,"k":[0.925490196078,0.254901960784,0.176470588235,1],"ix":4},"o":{"a":0,"k":100,"ix":5},"r":1,"nm":"Fill 1","mn":"ADBE Vector Graphic - Fill","hd":false},{"ty":"fl","c":{"a":0,"k":[0.925490196078,0.254901960784,0.176470588235,1],"ix":4},"o":{"a":0,"k":100,"ix":5},"r":1,"nm":"Fill 2","mn":"ADBE Vector Graphic - Fill","hd":false},{"ty":"tr","p":{"a":1,"k":[{"i":{"x":0.271,"y":1},"o":{"x":0.333,"y":0},"n":"0p271_1_0p333_0","t":3,"s":[-17.355,730.707],"e":[264.303,1123.279],"to":[46.9430351257324,65.4287109375],"ti":[-46.9430351257324,-65.4287109375]},{"t":10}],"ix":2},"a":{"a":0,"k":[0,0],"ix":1},"s":{"a":0,"k":[24.154,24.154],"ix":3},"r":{"a":0,"k":0,"ix":6},"o":{"a":0,"k":100,"ix":7},"sk":{"a":0,"k":0,"ix":4},"sa":{"a":0,"k":0,"ix":5},"nm":"Transform"}],"nm":"Ellipse 4","np":4,"cix":2,"ix":2,"mn":"ADBE Vector Group","hd":false},{"ty":"gr","it":[{"d":1,"ty":"el","s":{"a":0,"k":[202.828,202.828],"ix":2},"p":{"a":0,"k":[0,0],"ix":3},"nm":"Ellipse Path 1","mn":"ADBE Vector Shape - Ellipse","hd":false},{"ty":"fl","c":{"a":0,"k":[0.929411764706,0.392156862745,0,1],"ix":4},"o":{"a":0,"k":100,"ix":5},"r":1,"nm":"Fill 1","mn":"ADBE Vector Graphic - Fill","hd":false},{"ty":"fl","c":{"a":0,"k":[0.929411764706,0.392156862745,0,1],"ix":4},"o":{"a":0,"k":100,"ix":5},"r":1,"nm":"Fill 2","mn":"ADBE Vector Graphic - Fill","hd":false},{"ty":"tr","p":{"a":1,"k":[{"i":{"x":0.271,"y":1},"o":{"x":0.333,"y":0},"n":"0p271_1_0p333_0","t":2,"s":[-17.895,730.062],"e":[-298.194,1125.519],"to":[-46.7166328430176,65.9093399047852],"ti":[46.7166328430176,-65.9093399047852]},{"t":9}],"ix":2},"a":{"a":0,"k":[0,0],"ix":1},"s":{"a":0,"k":[24.154,24.154],"ix":3},"r":{"a":0,"k":0,"ix":6},"o":{"a":0,"k":100,"ix":7},"sk":{"a":0,"k":0,"ix":4},"sa":{"a":0,"k":0,"ix":5},"nm":"Transform"}],"nm":"Ellipse 3","np":4,"cix":2,"ix":3,"mn":"ADBE Vector Group","hd":false},{"ty":"gr","it":[{"d":1,"ty":"el","s":{"a":0,"k":[202.828,202.828],"ix":2},"p":{"a":0,"k":[0,0],"ix":3},"nm":"Ellipse Path 1","mn":"ADBE Vector Shape - Ellipse","hd":false},{"ty":"fl","c":{"a":0,"k":[0.552941176471,0.764705882353,0.2,1],"ix":4},"o":{"a":0,"k":100,"ix":5},"r":1,"nm":"Fill 1","mn":"ADBE Vector Graphic - Fill","hd":false},{"ty":"fl","c":{"a":0,"k":[0.552941176471,0.764705882353,0.2,1],"ix":4},"o":{"a":0,"k":100,"ix":5},"r":1,"nm":"Fill 2","mn":"ADBE Vector Graphic - Fill","hd":false},{"ty":"tr","p":{"a":1,"k":[{"i":{"x":0.271,"y":1},"o":{"x":0.333,"y":0},"n":"0p271_1_0p333_0","t":1,"s":[-17.26,730.178],"e":[-470.287,591.477],"to":[-75.5045547485352,-23.1168613433838],"ti":[75.5045547485352,23.1168613433838]},{"t":8}],"ix":2},"a":{"a":0,"k":[0,0],"ix":1},"s":{"a":0,"k":[24.154,24.154],"ix":3},"r":{"a":0,"k":0,"ix":6},"o":{"a":0,"k":100,"ix":7},"sk":{"a":0,"k":0,"ix":4},"sa":{"a":0,"k":0,"ix":5},"nm":"Transform"}],"nm":"Ellipse 2","np":4,"cix":2,"ix":4,"mn":"ADBE Vector Group","hd":false},{"ty":"gr","it":[{"d":1,"ty":"el","s":{"a":0,"k":[202.828,202.828],"ix":2},"p":{"a":0,"k":[0,0],"ix":3},"nm":"Ellipse Path 1","mn":"ADBE Vector Shape - Ellipse","hd":false},{"ty":"fl","c":{"a":0,"k":[0.988235294118,0.737254901961,0.070588235294,1],"ix":4},"o":{"a":0,"k":100,"ix":5},"r":1,"nm":"Fill 1","mn":"ADBE Vector Graphic - Fill","hd":false},{"ty":"tr","p":{"a":1,"k":[{"i":{"x":0.271,"y":1},"o":{"x":0.333,"y":0},"n":"0p271_1_0p333_0","t":0,"s":[-17.646,729.834],"e":[-16.145,261.268],"to":[0.25032553076744,-78.0943984985352],"ti":[-0.25032553076744,78.0943984985352]},{"t":7}],"ix":2},"a":{"a":0,"k":[0,0],"ix":1},"s":{"a":0,"k":[24.154,24.154],"ix":3},"r":{"a":0,"k":0,"ix":6},"o":{"a":0,"k":100,"ix":7},"sk":{"a":0,"k":0,"ix":4},"sa":{"a":0,"k":0,"ix":5},"nm":"Transform"}],"nm":"Ellipse 1","np":3,"cix":2,"ix":5,"mn":"ADBE Vector Group","hd":false}],"ip":0,"op":1500,"st":0,"bm":0},{"ddd":0,"ind":11,"ty":4,"nm":"Shape Layer 10","parent":7,"sr":1,"ks":{"o":{"a":0,"k":100,"ix":11},"r":{"a":0,"k":0,"ix":10},"p":{"a":0,"k":[23.255,-129.26,0],"ix":2},"a":{"a":0,"k":[-9.058,696.637,0],"ix":1},"s":{"a":0,"k":[312.5,312.5,100],"ix":6}},"ao":0,"shapes":[{"ty":"gr","it":[{"ind":0,"ty":"sh","ix":1,"ks":{"a":0,"k":{"i":[[0,0],[0,0]],"o":[[0,0],[0,0]],"v":[[-16,737.5],[264.223,1124.772]],"c":false},"ix":2},"nm":"Path 1","mn":"ADBE Vector Shape - Group","hd":false},{"ty":"tm","s":{"a":0,"k":0,"ix":1},"e":{"a":1,"k":[{"i":{"x":[0.325],"y":[1]},"o":{"x":[0.333],"y":[0]},"n":["0p325_1_0p333_0"],"t":7,"s":[0],"e":[100]},{"t":14}],"ix":2},"o":{"a":0,"k":0,"ix":3},"m":1,"ix":2,"nm":"Trim Paths 1","mn":"ADBE Vector Filter - Trim","hd":false},{"ty":"st","c":{"a":0,"k":[0.854901960784,0.854901960784,0.854901960784,1],"ix":3},"o":{"a":0,"k":100,"ix":4},"w":{"a":0,"k":6,"ix":5},"lc":2,"lj":1,"ml":4,"nm":"Stroke 1","mn":"ADBE Vector Graphic - Stroke","hd":false},{"ty":"tr","p":{"a":0,"k":[-16.047,737.891],"ix":2},"a":{"a":0,"k":[-16.047,737.891],"ix":1},"s":{"a":0,"k":[100,100],"ix":3},"r":{"a":0,"k":288,"ix":6},"o":{"a":0,"k":100,"ix":7},"sk":{"a":0,"k":0,"ix":4},"sa":{"a":0,"k":0,"ix":5},"nm":"Transform"}],"nm":"Shape 5","np":4,"cix":2,"ix":1,"mn":"ADBE Vector Group","hd":false},{"ty":"gr","it":[{"ind":0,"ty":"sh","ix":1,"ks":{"a":0,"k":{"i":[[0,0],[0,0]],"o":[[0,0],[0,0]],"v":[[-16,737.5],[264.855,1124.17]],"c":false},"ix":2},"nm":"Path 1","mn":"ADBE Vector Shape - Group","hd":false},{"ty":"tm","s":{"a":0,"k":0,"ix":1},"e":{"a":1,"k":[{"i":{"x":[0.325],"y":[1]},"o":{"x":[0.333],"y":[0]},"n":["0p325_1_0p333_0"],"t":7,"s":[0],"e":[100]},{"t":14}],"ix":2},"o":{"a":0,"k":0,"ix":3},"m":1,"ix":2,"nm":"Trim Paths 1","mn":"ADBE Vector Filter - Trim","hd":false},{"ty":"st","c":{"a":0,"k":[0.854901960784,0.854901960784,0.854901960784,1],"ix":3},"o":{"a":0,"k":100,"ix":4},"w":{"a":0,"k":6,"ix":5},"lc":2,"lj":1,"ml":4,"nm":"Stroke 1","mn":"ADBE Vector Graphic - Stroke","hd":false},{"ty":"tr","p":{"a":0,"k":[-16.047,737.891],"ix":2},"a":{"a":0,"k":[-16.047,737.891],"ix":1},"s":{"a":0,"k":[100,100],"ix":3},"r":{"a":0,"k":216,"ix":6},"o":{"a":0,"k":100,"ix":7},"sk":{"a":0,"k":0,"ix":4},"sa":{"a":0,"k":0,"ix":5},"nm":"Transform"}],"nm":"Shape 4","np":4,"cix":2,"ix":2,"mn":"ADBE Vector Group","hd":false},{"ty":"gr","it":[{"ind":0,"ty":"sh","ix":1,"ks":{"a":0,"k":{"i":[[0,0],[0,0]],"o":[[0,0],[0,0]],"v":[[-16,737.5],[266.164,1124.96]],"c":false},"ix":2},"nm":"Path 1","mn":"ADBE Vector Shape - Group","hd":false},{"ty":"tm","s":{"a":0,"k":0,"ix":1},"e":{"a":1,"k":[{"i":{"x":[0.325],"y":[1]},"o":{"x":[0.333],"y":[0]},"n":["0p325_1_0p333_0"],"t":7,"s":[0],"e":[100]},{"t":14}],"ix":2},"o":{"a":0,"k":0,"ix":3},"m":1,"ix":2,"nm":"Trim Paths 1","mn":"ADBE Vector Filter - Trim","hd":false},{"ty":"st","c":{"a":0,"k":[0.854901960784,0.854901960784,0.854901960784,1],"ix":3},"o":{"a":0,"k":100,"ix":4},"w":{"a":0,"k":6,"ix":5},"lc":2,"lj":1,"ml":4,"nm":"Stroke 1","mn":"ADBE Vector Graphic - Stroke","hd":false},{"ty":"tr","p":{"a":0,"k":[-16.047,737.891],"ix":2},"a":{"a":0,"k":[-16.047,737.891],"ix":1},"s":{"a":0,"k":[100,100],"ix":3},"r":{"a":0,"k":144,"ix":6},"o":{"a":0,"k":100,"ix":7},"sk":{"a":0,"k":0,"ix":4},"sa":{"a":0,"k":0,"ix":5},"nm":"Transform"}],"nm":"Shape 3","np":4,"cix":2,"ix":3,"mn":"ADBE Vector Group","hd":false},{"ty":"gr","it":[{"ind":0,"ty":"sh","ix":1,"ks":{"a":0,"k":{"i":[[0,0],[0,0]],"o":[[0,0],[0,0]],"v":[[-16,737.5],[265.152,1124.077]],"c":false},"ix":2},"nm":"Path 1","mn":"ADBE Vector Shape - Group","hd":false},{"ty":"tm","s":{"a":0,"k":0,"ix":1},"e":{"a":1,"k":[{"i":{"x":[0.325],"y":[1]},"o":{"x":[0.333],"y":[0]},"n":["0p325_1_0p333_0"],"t":7,"s":[0],"e":[100]},{"t":14}],"ix":2},"o":{"a":0,"k":0,"ix":3},"m":1,"ix":2,"nm":"Trim Paths 1","mn":"ADBE Vector Filter - Trim","hd":false},{"ty":"st","c":{"a":0,"k":[0.854901960784,0.854901960784,0.854901960784,1],"ix":3},"o":{"a":0,"k":100,"ix":4},"w":{"a":0,"k":6,"ix":5},"lc":2,"lj":1,"ml":4,"nm":"Stroke 1","mn":"ADBE Vector Graphic - Stroke","hd":false},{"ty":"tr","p":{"a":0,"k":[-16.047,737.891],"ix":2},"a":{"a":0,"k":[-16.047,737.891],"ix":1},"s":{"a":0,"k":[100,100],"ix":3},"r":{"a":0,"k":72,"ix":6},"o":{"a":0,"k":100,"ix":7},"sk":{"a":0,"k":0,"ix":4},"sa":{"a":0,"k":0,"ix":5},"nm":"Transform"}],"nm":"Shape 2","np":4,"cix":2,"ix":4,"mn":"ADBE Vector Group","hd":false},{"ty":"gr","it":[{"ind":0,"ty":"sh","ix":1,"ks":{"a":0,"k":{"i":[[0,0],[0,0]],"o":[[0,0],[0,0]],"v":[[-16,737.5],[264,1124]],"c":false},"ix":2},"nm":"Path 1","mn":"ADBE Vector Shape - Group","hd":false},{"ty":"tm","s":{"a":0,"k":0,"ix":1},"e":{"a":1,"k":[{"i":{"x":[0.325],"y":[1]},"o":{"x":[0.333],"y":[0]},"n":["0p325_1_0p333_0"],"t":7,"s":[0],"e":[100]},{"t":14}],"ix":2},"o":{"a":0,"k":0,"ix":3},"m":1,"ix":2,"nm":"Trim Paths 1","mn":"ADBE Vector Filter - Trim","hd":false},{"ty":"st","c":{"a":0,"k":[0.854901960784,0.854901960784,0.854901960784,1],"ix":3},"o":{"a":0,"k":100,"ix":4},"w":{"a":0,"k":6,"ix":5},"lc":2,"lj":1,"ml":4,"nm":"Stroke 1","mn":"ADBE Vector Graphic - Stroke","hd":false},{"ty":"tr","p":{"a":0,"k":[-16.047,737.891],"ix":2},"a":{"a":0,"k":[-16.047,737.891],"ix":1},"s":{"a":0,"k":[100,100],"ix":3},"r":{"a":0,"k":0,"ix":6},"o":{"a":0,"k":100,"ix":7},"sk":{"a":0,"k":0,"ix":4},"sa":{"a":0,"k":0,"ix":5},"nm":"Transform"}],"nm":"Shape 1","np":4,"cix":2,"ix":5,"mn":"ADBE Vector Group","hd":false}],"ip":0,"op":1500,"st":0,"bm":0},{"ddd":0,"ind":28,"ty":4,"nm":"Shape Layer 7","parent":7,"sr":1,"ks":{"o":{"a":0,"k":100,"ix":11},"r":{"a":0,"k":54,"ix":10},"p":{"a":0,"k":[0.781,1.562,0],"ix":2},"a":{"a":0,"k":[0,0,0],"ix":1},"s":{"a":1,"k":[{"i":{"x":[0.255,0.255,0.667],"y":[1,1,1]},"o":{"x":[0.333,0.333,0.333],"y":[0,0,0]},"n":["0p255_1_0p333_0","0p255_1_0p333_0","0p667_1_0p333_0"],"t":7,"s":[0,0,100],"e":[40.625,40.625,100]},{"t":15}],"ix":6}},"ao":0,"shapes":[{"ty":"gr","it":[{"ind":0,"ty":"sh","ix":1,"ks":{"a":0,"k":{"i":[[0,0],[0,0],[0,0],[0,0],[0,0]],"o":[[0,0],[0,0],[0,0],[0,0],[0,0]],"v":[[231,-711.5],[-606.5,-440.5],[-606,440],[231,712],[747.5,0]],"c":true},"ix":2},"nm":"Path 1","mn":"ADBE Vector Shape - Group","hd":false},{"ty":"st","c":{"a":0,"k":[0.854901960784,0.854901960784,0.854901960784,1],"ix":3},"o":{"a":0,"k":100,"ix":4},"w":{"a":0,"k":33,"ix":5},"lc":1,"lj":1,"ml":4,"nm":"Stroke 1","mn":"ADBE Vector Graphic - Stroke","hd":false},{"ty":"tr","p":{"a":0,"k":[0,0],"ix":2},"a":{"a":0,"k":[0,0],"ix":1},"s":{"a":0,"k":[100,100],"ix":3},"r":{"a":0,"k":0,"ix":6},"o":{"a":0,"k":100,"ix":7},"sk":{"a":0,"k":0,"ix":4},"sa":{"a":0,"k":0,"ix":5},"nm":"Transform"}],"nm":"Shape 1","np":3,"cix":2,"ix":1,"mn":"ADBE Vector Group","hd":false}],"ip":0,"op":200,"st":0,"bm":0},{"ddd":0,"ind":29,"ty":4,"nm":"Shape Layer 6","parent":7,"sr":1,"ks":{"o":{"a":0,"k":100,"ix":11},"r":{"a":0,"k":54,"ix":10},"p":{"a":0,"k":[0.781,1.562,0],"ix":2},"a":{"a":0,"k":[0,0,0],"ix":1},"s":{"a":1,"k":[{"i":{"x":[0.255,0.255,0.667],"y":[1,1,1]},"o":{"x":[0.333,0.333,0.333],"y":[0,0,0]},"n":["0p255_1_0p333_0","0p255_1_0p333_0","0p667_1_0p333_0"],"t":6,"s":[0,0,100],"e":[93.75,93.75,100]},{"t":14}],"ix":6}},"ao":0,"shapes":[{"ty":"gr","it":[{"ind":0,"ty":"sh","ix":1,"ks":{"a":0,"k":{"i":[[0,0],[0,0],[0,0],[0,0],[0,0]],"o":[[0,0],[0,0],[0,0],[0,0],[0,0]],"v":[[231,-711.5],[-606.5,-440.5],[-606,440],[231,712],[747.5,0]],"c":true},"ix":2},"nm":"Path 1","mn":"ADBE Vector Shape - Group","hd":false},{"ty":"st","c":{"a":0,"k":[0.854901960784,0.854901960784,0.854901960784,1],"ix":3},"o":{"a":0,"k":100,"ix":4},"w":{"a":0,"k":17,"ix":5},"lc":1,"lj":1,"ml":4,"nm":"Stroke 1","mn":"ADBE Vector Graphic - Stroke","hd":false},{"ty":"tr","p":{"a":0,"k":[0,0],"ix":2},"a":{"a":0,"k":[0,0],"ix":1},"s":{"a":0,"k":[100,100],"ix":3},"r":{"a":0,"k":0,"ix":6},"o":{"a":0,"k":100,"ix":7},"sk":{"a":0,"k":0,"ix":4},"sa":{"a":0,"k":0,"ix":5},"nm":"Transform"}],"nm":"Shape 1","np":3,"cix":2,"ix":1,"mn":"ADBE Vector Group","hd":false}],"ip":0,"op":200,"st":0,"bm":0},{"ddd":0,"ind":30,"ty":4,"nm":"Shape Layer 8","parent":7,"sr":1,"ks":{"o":{"a":0,"k":100,"ix":11},"r":{"a":0,"k":54,"ix":10},"p":{"a":0,"k":[0.781,1.562,0],"ix":2},"a":{"a":0,"k":[0,0,0],"ix":1},"s":{"a":1,"k":[{"i":{"x":[0.255,0.255,0.667],"y":[1,1,1]},"o":{"x":[0.333,0.333,0.333],"y":[0,0,0]},"n":["0p255_1_0p333_0","0p255_1_0p333_0","0p667_1_0p333_0"],"t":5,"s":[0,0,100],"e":[146.875,146.875,100]},{"t":13}],"ix":6}},"ao":0,"shapes":[{"ty":"gr","it":[{"ind":0,"ty":"sh","ix":1,"ks":{"a":0,"k":{"i":[[0,0],[0,0],[0,0],[0,0],[0,0]],"o":[[0,0],[0,0],[0,0],[0,0],[0,0]],"v":[[231,-711.5],[-606.5,-440.5],[-606,440],[231,712],[747.5,0]],"c":true},"ix":2},"nm":"Path 1","mn":"ADBE Vector Shape - Group","hd":false},{"ty":"st","c":{"a":0,"k":[0.854901960784,0.854901960784,0.854901960784,1],"ix":3},"o":{"a":0,"k":100,"ix":4},"w":{"a":0,"k":10,"ix":5},"lc":1,"lj":1,"ml":4,"nm":"Stroke 1","mn":"ADBE Vector Graphic - Stroke","hd":false},{"ty":"tr","p":{"a":0,"k":[0,0],"ix":2},"a":{"a":0,"k":[0,0],"ix":1},"s":{"a":0,"k":[100,100],"ix":3},"r":{"a":0,"k":0,"ix":6},"o":{"a":0,"k":100,"ix":7},"sk":{"a":0,"k":0,"ix":4},"sa":{"a":0,"k":0,"ix":5},"nm":"Transform"}],"nm":"Shape 1","np":3,"cix":2,"ix":1,"mn":"ADBE Vector Group","hd":false}],"ip":0,"op":200,"st":0,"bm":0},{"ddd":0,"ind":31,"ty":4,"nm":"Shape Layer 9","parent":7,"sr":1,"ks":{"o":{"a":0,"k":100,"ix":11},"r":{"a":0,"k":54,"ix":10},"p":{"a":0,"k":[0.781,1.562,0],"ix":2},"a":{"a":0,"k":[0,0,0],"ix":1},"s":{"a":1,"k":[{"i":{"x":[0.255,0.255,0.667],"y":[1,1,1]},"o":{"x":[0.333,0.333,0.333],"y":[0,0,0]},"n":["0p255_1_0p333_0","0p255_1_0p333_0","0p667_1_0p333_0"],"t":4,"s":[0,0,100],"e":[200,200,100]},{"t":12}],"ix":6}},"ao":0,"shapes":[{"ty":"gr","it":[{"ind":0,"ty":"sh","ix":1,"ks":{"a":0,"k":{"i":[[0,0],[0,0],[0,0],[0,0],[0,0]],"o":[[0,0],[0,0],[0,0],[0,0],[0,0]],"v":[[231,-711.5],[-606.5,-440.5],[-606,440],[231,712],[747.5,0]],"c":true},"ix":2},"nm":"Path 1","mn":"ADBE Vector Shape - Group","hd":false},{"ty":"st","c":{"a":0,"k":[0.854901960784,0.854901960784,0.854901960784,1],"ix":3},"o":{"a":0,"k":100,"ix":4},"w":{"a":0,"k":8,"ix":5},"lc":1,"lj":1,"ml":4,"nm":"Stroke 1","mn":"ADBE Vector Graphic - Stroke","hd":false},{"ty":"tr","p":{"a":0,"k":[0,0],"ix":2},"a":{"a":0,"k":[0,0],"ix":1},"s":{"a":0,"k":[100,100],"ix":3},"r":{"a":0,"k":0,"ix":6},"o":{"a":0,"k":100,"ix":7},"sk":{"a":0,"k":0,"ix":4},"sa":{"a":0,"k":0,"ix":5},"nm":"Transform"}],"nm":"Shape 1","np":3,"cix":2,"ix":1,"mn":"ADBE Vector Group","hd":false}],"ip":0,"op":200,"st":0,"bm":0}],"markers":[]}